[
{
    "model": "product.category",
    "pk": 7,
    "fields": {
        "private_metadata": {},
        "metadata": {},
        "seo_title": "",
        "seo_description": "",
        "name": "Accessories",
        "slug": "accessories",
        "description": {
            "blocks": [
                {
                    "data": {
                        "text": ""
                    },
                    "type": "paragraph"
                }
            ]
        },
        "parent": null,
        "background_image": "category-backgrounds/accessories_Wa7DYQf.jpg",
        "background_image_alt": "",
        "lft": 1,
        "rght": 8,
        "tree_id": 1,
        "level": 0
    }
},
{
    "model": "product.category",
    "pk": 8,
    "fields": {
        "private_metadata": {},
        "metadata": {},
        "seo_title": "",
        "seo_description": "",
        "name": "Groceries",
        "slug": "groceries",
        "description": {
            "blocks": [
                {
                    "data": {
                        "text": ""
                    },
                    "type": "paragraph"
                }
            ]
        },
        "parent": null,
        "background_image": "category-backgrounds/groceries_EjELqXt.jpg",
        "background_image_alt": "",
        "lft": 1,
        "rght": 6,
        "tree_id": 2,
        "level": 0
    }
},
{
    "model": "product.category",
    "pk": 9,
    "fields": {
        "private_metadata": {},
        "metadata": {},
        "seo_title": "",
        "seo_description": "",
        "name": "Apparel",
        "slug": "apparel",
        "description": {
            "blocks": [
                {
                    "data": {
                        "text": ""
                    },
                    "type": "paragraph"
                }
            ]
        },
        "parent": null,
        "background_image": "category-backgrounds/apparel_ikM8XjC.jpg",
        "background_image_alt": "",
        "lft": 1,
        "rght": 10,
        "tree_id": 3,
        "level": 0
    }
},
{
    "model": "product.category",
    "pk": 10,
    "fields": {
        "private_metadata": {},
        "metadata": {},
        "seo_title": "",
        "seo_description": "",
        "name": "T-shirts",
        "slug": "t-shirts",
        "description": {},
        "parent": 9,
        "background_image": "category-backgrounds/apparel_9jraORt.jpg",
        "background_image_alt": "",
        "lft": 2,
        "rght": 3,
        "tree_id": 3,
        "level": 1
    }
},
{
    "model": "product.category",
    "pk": 11,
    "fields": {
        "private_metadata": {},
        "metadata": {},
        "seo_title": "",
        "seo_description": "",
        "name": "Polo Shirts",
        "slug": "polo-shirts",
        "description": {},
        "parent": 9,
        "background_image": "category-backgrounds/apparel_whJHlQj.jpg",
        "background_image_alt": "",
        "lft": 4,
        "rght": 5,
        "tree_id": 3,
        "level": 1
    }
},
{
    "model": "product.category",
    "pk": 12,
    "fields": {
        "private_metadata": {},
        "metadata": {},
        "seo_title": "",
        "seo_description": "",
        "name": "Hoodies",
        "slug": "hoodies",
        "description": {},
        "parent": 9,
        "background_image": "category-backgrounds/apparel_sBlHJ7s.jpg",
        "background_image_alt": "",
        "lft": 6,
        "rght": 7,
        "tree_id": 3,
        "level": 1
    }
},
{
    "model": "product.category",
    "pk": 13,
    "fields": {
        "private_metadata": {},
        "metadata": {},
        "seo_title": "",
        "seo_description": "",
        "name": "Footwear",
        "slug": "footwear",
        "description": {},
        "parent": 9,
        "background_image": "category-backgrounds/apparel_zga5Twk.jpg",
        "background_image_alt": "",
        "lft": 8,
        "rght": 9,
        "tree_id": 3,
        "level": 1
    }
},
{
    "model": "product.category",
    "pk": 14,
    "fields": {
        "private_metadata": {},
        "metadata": {},
        "seo_title": "",
        "seo_description": "",
        "name": "Juices",
        "slug": "juices",
        "description": {},
        "parent": 8,
        "background_image": "category-backgrounds/groceries_mNb5cdF.jpg",
        "background_image_alt": "",
        "lft": 2,
        "rght": 3,
        "tree_id": 2,
        "level": 1
    }
},
{
    "model": "product.category",
    "pk": 15,
    "fields": {
        "private_metadata": {},
        "metadata": {},
        "seo_title": "",
        "seo_description": "",
        "name": "Alcohol",
        "slug": "alcohol",
        "description": {},
        "parent": 8,
        "background_image": "category-backgrounds/groceries_vBo4tLN.jpg",
        "background_image_alt": "",
        "lft": 4,
        "rght": 5,
        "tree_id": 2,
        "level": 1
    }
},
{
    "model": "product.category",
    "pk": 20,
    "fields": {
        "private_metadata": {},
        "metadata": {},
        "seo_title": "",
        "seo_description": "",
        "name": "Paints",
        "slug": "paints",
        "description": {},
        "parent": 7,
        "background_image": "category-backgrounds/accessories_r5VdT0k.jpg",
        "background_image_alt": "",
        "lft": 2,
        "rght": 3,
        "tree_id": 1,
        "level": 1
    }
},
{
    "model": "product.category",
    "pk": 22,
    "fields": {
        "private_metadata": {},
        "metadata": {},
        "seo_title": "",
        "seo_description": "",
        "name": "Homewares",
        "slug": "homewares",
        "description": {},
        "parent": 7,
        "background_image": "category-backgrounds/accessories_FT58Y76.jpg",
        "background_image_alt": "",
        "lft": 4,
        "rght": 5,
        "tree_id": 1,
        "level": 1
    }
},
{
    "model": "product.category",
    "pk": 23,
    "fields": {
        "private_metadata": {},
        "metadata": {},
        "seo_title": "",
        "seo_description": "",
        "name": "Audiobooks",
        "slug": "ebooks",
        "description": {
            "blocks": [
                {
                    "data": {
                        "text": ""
                    },
                    "type": "paragraph"
                }
            ]
        },
        "parent": 7,
        "background_image": "category-backgrounds/accessories_sUg4iNv.jpg",
        "background_image_alt": "",
        "lft": 6,
        "rght": 7,
        "tree_id": 1,
        "level": 1
    }
},
{
    "model": "product.producttype",
    "pk": 7,
    "fields": {
        "private_metadata": {},
        "metadata": {
            "vatlayer.code": "standard",
            "vatlayer.description": "standard"
        },
        "name": "Paint",
        "slug": "paint",
        "has_variants": true,
        "is_shipping_required": true,
        "is_digital": false,
        "weight": "1000.0:g"
    }
},
{
    "model": "product.producttype",
    "pk": 8,
    "fields": {
        "private_metadata": {},
        "metadata": {
            "vatlayer.code": "standard",
            "vatlayer.description": "standard"
        },
        "name": "Music",
        "slug": "music",
        "has_variants": true,
        "is_shipping_required": true,
        "is_digital": false,
        "weight": "200.0:g"
    }
},
{
    "model": "product.producttype",
    "pk": 9,
    "fields": {
        "private_metadata": {},
        "metadata": {
            "vatlayer.code": "standard",
            "vatlayer.description": "standard"
        },
        "name": "Juice",
        "slug": "juice",
        "has_variants": true,
        "is_shipping_required": true,
        "is_digital": false,
        "weight": "1000.0:g"
    }
},
{
    "model": "product.producttype",
    "pk": 10,
    "fields": {
        "private_metadata": {},
        "metadata": {
            "vatlayer.code": "standard",
            "vatlayer.description": "standard"
        },
        "name": "Wine",
        "slug": "wine",
        "has_variants": false,
        "is_shipping_required": true,
        "is_digital": false,
        "weight": "1000.0:g"
    }
},
{
    "model": "product.producttype",
    "pk": 11,
    "fields": {
        "private_metadata": {},
        "metadata": {
            "vatlayer.code": "standard",
            "vatlayer.description": "standard"
        },
        "name": "Beer",
        "slug": "beer",
        "has_variants": false,
        "is_shipping_required": true,
        "is_digital": false,
        "weight": "1000.0:g"
    }
},
{
    "model": "product.producttype",
    "pk": 12,
    "fields": {
        "private_metadata": {},
        "metadata": {
            "vatlayer.code": "standard",
            "vatlayer.description": "standard"
        },
        "name": "Cushion",
        "slug": "cushion",
        "has_variants": true,
        "is_shipping_required": true,
        "is_digital": false,
        "weight": "500.0:g"
    }
},
{
    "model": "product.producttype",
    "pk": 13,
    "fields": {
        "private_metadata": {},
        "metadata": {
            "vatlayer.code": "standard",
            "vatlayer.description": "standard"
        },
        "name": "Shoe",
        "slug": "shoe",
        "has_variants": true,
        "is_shipping_required": true,
        "is_digital": false,
        "weight": "1000.0:g"
    }
},
{
    "model": "product.producttype",
    "pk": 14,
    "fields": {
        "private_metadata": {},
        "metadata": {
            "vatlayer.code": "standard",
            "vatlayer.description": "standard"
        },
        "name": "Top (clothing)",
        "slug": "top-clothing",
        "has_variants": true,
        "is_shipping_required": true,
        "is_digital": false,
        "weight": "1000.0:g"
    }
},
{
    "model": "product.producttype",
    "pk": 15,
    "fields": {
        "private_metadata": {},
        "metadata": {},
        "name": "Audiobook",
        "slug": "e-book",
        "has_variants": true,
        "is_shipping_required": false,
        "is_digital": true,
        "weight": "0.0:g"
    }
},
{
    "model": "product.product",
    "pk": 61,
    "fields": {
        "private_metadata": {},
        "metadata": {
            "taxes": {
                "vatlayer": {
                    "code": "standard",
                    "description": "standard"
                }
            }
        },
        "seo_title": "",
        "seo_description": "Tonight, my love, let us take fat brushes and paint the skies with the shades of nebula tides. Get the dark, moody shades of the ether.",
        "product_type": 7,
        "name": "Nebula Night Sky Paint",
        "slug": "nebula-night-sky-paint",
        "description": {
            "blocks": [
                {
                    "data": {
                        "text": "Tonight, my love, let us take fat brushes and paint the skies with the shades of nebula tides. Get the dark, moody shades of the ether."
                    },
                    "type": "paragraph"
                }
            ]
        },
        "description_plaintext": "Tonight, my love, let us take fat brushes and paint the skies with the shades of nebula tides. Get the dark, moody shades of the ether.",
        "search_vector": "'brush':12B 'dark':25B 'ether':30B 'fat':11B 'get':23B 'let':8B 'love':7B 'moodi':26B 'nebula':1A,21B 'night':2A 'paint':4A,14B 'shade':19B,27B 'sky':3A,16B 'take':10B 'tide':22B 'tonight':5B 'us':9B",
        "category": 20,
        "updated_at": "2021-05-05T20:48:35.433Z",
        "charge_taxes": true,
        "weight": "0.0:g",
        "default_variant": 171,
        "rating": null
    }
},
{
    "model": "product.product",
    "pk": 62,
    "fields": {
        "private_metadata": {},
        "metadata": {
            "vatlayer.code": "standard",
            "vatlayer.description": "standard"
        },
        "seo_title": "",
        "seo_description": "The rich, deep hue of space dust. Vacuum packed and airlocked for long-lasting freshness of color.",
        "product_type": 7,
        "name": "Space Dust Navy Paint",
        "slug": "space-dust-navy-paint",
        "description": {
            "blocks": [
                {
                    "data": {
                        "text": "The rich, deep hue of space dust. Vacuum packed and airlocked for long-lasting freshness of color."
                    },
                    "type": "paragraph"
                }
            ]
        },
        "description_plaintext": "The rich, deep hue of space dust. Vacuum packed and airlocked for long-lasting freshness of color.",
        "search_vector": "'airlock':15B 'color':22B 'deep':7B 'dust':2A,11B 'fresh':20B 'hue':8B 'last':19B 'long':18B 'long-last':17B 'navi':3A 'pack':13B 'paint':4A 'rich':6B 'space':1A,10B 'vacuum':12B",
        "category": 20,
        "updated_at": "2021-05-05T20:48:35.750Z",
        "charge_taxes": true,
        "weight": "1000.0:g",
        "default_variant": 174,
        "rating": null
    }
},
{
    "model": "product.product",
    "pk": 63,
    "fields": {
        "private_metadata": {},
        "metadata": {
            "vatlayer.code": "standard",
            "vatlayer.description": "standard"
        },
        "seo_title": "",
        "seo_description": "",
        "product_type": 7,
        "name": "Red Dwarf Red Paint",
        "slug": "red-dwarf-red-paint",
        "description": {
            "blocks": [
                {
                    "data": {
                        "text": "We are all connected to the universe, because every cell in our bodies was cooked in the hearts of dying stars. Red Dwarf Paint: the color of Carl Sagan’s dreams."
                    },
                    "type": "paragraph"
                }
            ]
        },
        "description_plaintext": "We are all connected to the universe, because every cell in our bodies was cooked in the hearts of dying stars. Red Dwarf Paint: the color of Carl Sagan’s dreams.",
        "search_vector": "'bodi':17B 'carl':32B 'cell':14B 'color':30B 'connect':8B 'cook':19B 'die':24B 'dream':35B 'dwarf':2A,27B 'everi':13B 'heart':22B 'paint':4A,28B 'red':1A,3A,26B 'sagan':33B 'star':25B 'univers':11B",
        "category": 20,
        "updated_at": "2021-05-05T20:48:36.028Z",
        "charge_taxes": true,
        "weight": "0.0:g",
        "default_variant": 177,
        "rating": null
    }
},
{
    "model": "product.product",
    "pk": 64,
    "fields": {
        "private_metadata": {},
        "metadata": {
            "vatlayer.code": "standard",
            "vatlayer.description": "standard"
        },
        "seo_title": "",
        "seo_description": "There is life in outer space. This vibrant light speed yellow paint brings life to any surface. Goes on easy and dries at light speed.",
        "product_type": 7,
        "name": "Light Speed Yellow Paint",
        "slug": "light-speed-yellow-paint",
        "description": {
            "blocks": [
                {
                    "data": {
                        "text": "There is life in outer space. This vibrant light speed yellow paint brings life to any surface. Goes on easy and dries at light speed."
                    },
                    "type": "paragraph"
                }
            ]
        },
        "description_plaintext": "There is life in outer space. This vibrant light speed yellow paint brings life to any surface. Goes on easy and dries at light speed.",
        "search_vector": "'bring':17B 'dri':26B 'easi':24B 'goe':22B 'life':7B,18B 'light':1A,13B,28B 'outer':9B 'paint':4A,16B 'space':10B 'speed':2A,14B,29B 'surfac':21B 'vibrant':12B 'yellow':3A,15B",
        "category": 20,
        "updated_at": "2021-05-05T20:48:36.310Z",
        "charge_taxes": true,
        "weight": "0.0:g",
        "default_variant": 180,
        "rating": null
    }
},
{
    "model": "product.product",
    "pk": 65,
    "fields": {
        "private_metadata": {},
        "metadata": {
            "vatlayer.code": "standard",
            "vatlayer.description": "standard"
        },
        "seo_title": "",
        "seo_description": "Turquoise is the new black. No more gloomy night skies, brighten up your evenings with hyperspace paint.",
        "product_type": 7,
        "name": "Hyperspace Turquoise Paint",
        "slug": "hyperspace-turquoise-paint",
        "description": {
            "blocks": [
                {
                    "data": {
                        "text": "Turquoise is the new black. No more gloomy night skies, brighten up your evenings with hyperspace paint."
                    },
                    "type": "paragraph"
                }
            ]
        },
        "description_plaintext": "Turquoise is the new black. No more gloomy night skies, brighten up your evenings with hyperspace paint.",
        "search_vector": "'black':8B 'brighten':14B 'even':17B 'gloomi':11B 'hyperspac':1A,19B 'new':7B 'night':12B 'paint':3A,20B 'sky':13B 'turquois':2A,4B",
        "category": 20,
        "updated_at": "2021-05-05T20:48:36.586Z",
        "charge_taxes": true,
        "weight": "1000.0:g",
        "default_variant": 183,
        "rating": null
    }
},
{
    "model": "product.product",
    "pk": 71,
    "fields": {
        "private_metadata": {},
        "metadata": {
            "vatlayer.code": "standard",
            "vatlayer.description": "standard"
        },
        "seo_title": "",
        "seo_description": "Fell from a tree straight into the bottle. No additives, no preservatives, just the refreshing taste of pure sun-kissed Californian oranges.",
        "product_type": 9,
        "name": "Orange Juice",
        "slug": "orange-juice",
        "description": {
            "blocks": [
                {
                    "data": {
                        "text": "Fell from a tree straight into the bottle. No additives, no preservatives, just the refreshing taste of pure sun-kissed Californian oranges."
                    },
                    "type": "paragraph"
                }
            ]
        },
        "description_plaintext": "Fell from a tree straight into the bottle. No additives, no preservatives, just the refreshing taste of pure sun-kissed Californian oranges.",
        "search_vector": "'addit':12B 'bottl':10B 'californian':24B 'fell':3B 'juic':2A 'kiss':23B 'orang':1A,25B 'preserv':14B 'pure':20B 'refresh':17B 'straight':7B 'sun':22B 'sun-kiss':21B 'tast':18B 'tree':6B",
        "category": 14,
        "updated_at": "2021-05-05T20:48:36.848Z",
        "charge_taxes": true,
        "weight": "1000.0:g",
        "default_variant": 190,
        "rating": null
    }
},
{
    "model": "product.product",
    "pk": 72,
    "fields": {
        "private_metadata": {},
        "metadata": {
            "vatlayer.code": "standard",
            "vatlayer.description": "standard"
        },
        "seo_title": "",
        "seo_description": "Fell straight from the tree, on to Newton’s head, then into the bottle. The autumn taste of English apples. Brought to you by gravity.",
        "product_type": 9,
        "name": "Apple Juice",
        "slug": "apple-juice",
        "description": {
            "blocks": [
                {
                    "data": {
                        "text": "Fell straight from the tree, on to Newton’s head, then into the bottle. The autumn taste of English apples. Brought to you by gravity."
                    },
                    "type": "paragraph"
                }
            ]
        },
        "description_plaintext": "Fell straight from the tree, on to Newton’s head, then into the bottle. The autumn taste of English apples. Brought to you by gravity.",
        "search_vector": "'appl':1A,22B 'autumn':18B 'bottl':16B 'brought':23B 'english':21B 'fell':3B 'graviti':27B 'head':12B 'juic':2A 'newton':10B 'straight':4B 'tast':19B 'tree':7B",
        "category": 14,
        "updated_at": "2021-05-05T20:48:37.800Z",
        "charge_taxes": true,
        "weight": "1000.0:g",
        "default_variant": 202,
        "rating": null
    }
},
{
    "model": "product.product",
    "pk": 73,
    "fields": {
        "private_metadata": {},
        "metadata": {
            "vatlayer.code": "standard",
            "vatlayer.description": "standard"
        },
        "seo_title": "",
        "seo_description": "Improve your eyesight the natural way with 100% pure, squeezed carrot juice. The sweet, orange nectar of Mother Earth.",
        "product_type": 9,
        "name": "Carrot Juice",
        "slug": "carrot-juice",
        "description": {
            "blocks": [
                {
                    "data": {
                        "text": "Improve your eyesight the natural way with 100% pure, squeezed carrot juice. The sweet, orange nectar of Mother Earth."
                    },
                    "type": "paragraph"
                }
            ]
        },
        "description_plaintext": "Improve your eyesight the natural way with 100% pure, squeezed carrot juice. The sweet, orange nectar of Mother Earth.",
        "search_vector": "'100':10B 'carrot':1A,13B 'earth':21B 'eyesight':5B 'improv':3B 'juic':2A,14B 'mother':20B 'natur':7B 'nectar':18B 'orang':17B 'pure':11B 'squeez':12B 'sweet':16B 'way':8B",
        "category": 14,
        "updated_at": "2021-05-05T20:48:38.026Z",
        "charge_taxes": true,
        "weight": "1000.0:g",
        "default_variant": 205,
        "rating": null
    }
},
{
    "model": "product.product",
    "pk": 74,
    "fields": {
        "private_metadata": {},
        "metadata": {
            "vatlayer.code": "standard",
            "vatlayer.description": "standard"
        },
        "seo_title": "",
        "seo_description": "Build your protein the natural way, with exotic banana juice made from ripe fruit and packed with all the goodness of the tropical sun.",
        "product_type": 9,
        "name": "Banana Juice",
        "slug": "banana-juice",
        "description": {
            "blocks": [
                {
                    "data": {
                        "text": "Build your protein the natural way, with exotic banana juice made from ripe fruit and packed with all the goodness of the tropical sun."
                    },
                    "type": "paragraph"
                }
            ]
        },
        "description_plaintext": "Build your protein the natural way, with exotic banana juice made from ripe fruit and packed with all the goodness of the tropical sun.",
        "search_vector": "'banana':1A,11B 'build':3B 'exot':10B 'fruit':16B 'good':22B 'juic':2A,12B 'made':13B 'natur':7B 'pack':18B 'protein':5B 'ripe':15B 'sun':26B 'tropic':25B 'way':8B",
        "category": 14,
        "updated_at": "2021-05-05T20:48:38.247Z",
        "charge_taxes": true,
        "weight": "1000.0:g",
        "default_variant": 208,
        "rating": null
    }
},
{
    "model": "product.product",
    "pk": 75,
    "fields": {
        "private_metadata": {},
        "metadata": {
            "vatlayer.code": "standard",
            "vatlayer.description": "standard"
        },
        "seo_title": "",
        "seo_description": "I can’t stand pineapples, so this one is not for me. They have a weird, fluffy, tangy taste. But if it is your kind of thing, then knock yourself out.",
        "product_type": 9,
        "name": "Pineapple Juice",
        "slug": "pineapple-juice",
        "description": {
            "blocks": [
                {
                    "data": {
                        "text": "I can’t stand pineapples, so this one is not for me. They have a weird, fluffy, tangy taste. But if it is your kind of thing, then knock yourself out."
                    },
                    "type": "paragraph"
                }
            ]
        },
        "description_plaintext": "I can’t stand pineapples, so this one is not for me. They have a weird, fluffy, tangy taste. But if it is your kind of thing, then knock yourself out.",
        "search_vector": "'fluffi':19B 'juic':2A 'kind':27B 'knock':31B 'one':10B 'pineappl':1A,7B 'stand':6B 'tangi':20B 'tast':21B 'thing':29B 'weird':18B",
        "category": 14,
        "updated_at": "2021-05-05T20:48:38.519Z",
        "charge_taxes": true,
        "weight": "1000.0:g",
        "default_variant": 211,
        "rating": null
    }
},
{
    "model": "product.product",
    "pk": 76,
    "fields": {
        "private_metadata": {},
        "metadata": {
            "vatlayer.code": "standard",
            "vatlayer.description": "standard"
        },
        "seo_title": "",
        "seo_description": "Did you know falling coconuts kill 150 people a year? But did you know that coconut juice is the new superfood? You win some, you lose some.",
        "product_type": 9,
        "name": "Coconut Juice",
        "slug": "coconut-juice",
        "description": {
            "blocks": [
                {
                    "data": {
                        "text": "Did you know falling coconuts kill 150 people a year? But did you know that coconut juice is the new superfood? You win some, you lose some."
                    },
                    "type": "paragraph"
                }
            ]
        },
        "description_plaintext": "Did you know falling coconuts kill 150 people a year? But did you know that coconut juice is the new superfood? You win some, you lose some.",
        "search_vector": "'150':9B 'coconut':1A,7B,18B 'fall':6B 'juic':2A,19B 'kill':8B 'know':5B,16B 'lose':28B 'new':22B 'peopl':10B 'superfood':23B 'win':25B 'year':12B",
        "category": 14,
        "updated_at": "2021-05-05T20:48:38.806Z",
        "charge_taxes": true,
        "weight": "1000.0:g",
        "default_variant": 214,
        "rating": null
    }
},
{
    "model": "product.product",
    "pk": 77,
    "fields": {
        "private_metadata": {},
        "metadata": {
            "vatlayer.code": "standard",
            "vatlayer.description": "standard"
        },
        "seo_title": "",
        "seo_description": "Is it a bird? Is it a plane? No! It’s some jacked dude who just sucked down a bottle of our brand new power juice! Look at him go!",
        "product_type": 9,
        "name": "Power Juice",
        "slug": "power-juice",
        "description": {
            "blocks": [
                {
                    "data": {
                        "text": "Is it a bird? Is a plane? No! It’s some jacked dude who just sucked down a bottle of our brand new power juice! Look at him go!"
                    },
                    "type": "paragraph"
                }
            ]
        },
        "description_plaintext": "Is it a bird? Is it a plane? No! It’s some jacked dude who just sucked down a bottle of our brand new power juice! Look at him go!",
        "search_vector": "'bird':6B 'bottl':22B 'brand':25B 'dude':16B 'go':32B 'jack':15B 'juic':2A,28B 'look':29B 'new':26B 'plane':10B 'power':1A,27B 'suck':19B",
        "category": 14,
        "updated_at": "2021-05-05T20:48:39.137Z",
        "charge_taxes": true,
        "weight": "1000.0:g",
        "default_variant": 217,
        "rating": null
    }
},
{
    "model": "product.product",
    "pk": 78,
    "fields": {
        "private_metadata": {},
        "metadata": {
            "vatlayer.code": "standard",
            "vatlayer.description": "standard"
        },
        "seo_title": "",
        "seo_description": "Brussel sprouts, spinach, peas, kale, lettuce, cabbage, zucchini, more brussel sprouts. All the greens you’ll ever need in one delicious juice.",
        "product_type": 9,
        "name": "Green Juice",
        "slug": "green-juice",
        "description": {
            "blocks": [
                {
                    "data": {
                        "text": "Brussel sprouts, spinach, peas, kale, lettuce, cabbage, zucchini, more brussel sprouts. All the greens you’ll ever need in one delicious juice."
                    },
                    "type": "paragraph"
                }
            ]
        },
        "description_plaintext": "Brussel sprouts, spinach, peas, kale, lettuce, cabbage, zucchini, more brussel sprouts. All the greens you’ll ever need in one delicious juice.",
        "search_vector": "'brussel':3B,12B 'cabbag':9B 'delici':23B 'ever':19B 'green':1A,16B 'juic':2A,24B 'kale':7B 'lettuc':8B 'll':18B 'need':20B 'one':22B 'pea':6B 'spinach':5B 'sprout':4B,13B 'zucchini':10B",
        "category": 14,
        "updated_at": "2021-05-05T20:48:39.420Z",
        "charge_taxes": true,
        "weight": "1000.0:g",
        "default_variant": 220,
        "rating": null
    }
},
{
    "model": "product.product",
    "pk": 79,
    "fields": {
        "private_metadata": {},
        "metadata": {
            "vatlayer.code": "standard",
            "vatlayer.description": "standard"
        },
        "seo_title": "",
        "seo_description": "Bean there, drunk that! The energy drink for the health-conscious. Brand new bean juice; from allotment to bottle in under 8 hours.",
        "product_type": 9,
        "name": "Bean Juice",
        "slug": "bean-juice",
        "description": {
            "blocks": [
                {
                    "data": {
                        "text": "Bean there, drunk that! The energy drink for the health-conscious. Brand new bean juice; from allotment to bottle in under 8 hours."
                    },
                    "type": "paragraph"
                }
            ]
        },
        "description_plaintext": "Bean there, drunk that! The energy drink for the health-conscious. Brand new bean juice; from allotment to bottle in under 8 hours.",
        "search_vector": "'8':25B 'allot':20B 'bean':1A,3B,17B 'bottl':22B 'brand':15B 'conscious':14B 'drink':9B 'drunk':5B 'energi':8B 'health':13B 'health-consci':12B 'hour':26B 'juic':2A,18B 'new':16B",
        "category": 14,
        "updated_at": "2021-05-05T20:48:39.683Z",
        "charge_taxes": true,
        "weight": "1000.0:g",
        "default_variant": 223,
        "rating": null
    }
},
{
    "model": "product.product",
    "pk": 81,
    "fields": {
        "private_metadata": {},
        "metadata": {
            "vatlayer.code": "standard",
            "vatlayer.description": "standard"
        },
        "seo_title": "",
        "seo_description": "A fine, mature red with a hint of blackberry, an undertone of the alkaline Burgundy soil, a delicate aftertaste of burnt garlic, and a whole lot of grapes.",
        "product_type": 10,
        "name": "Red Wine",
        "slug": "red-wine",
        "description": {
            "blocks": [
                {
                    "data": {
                        "text": "A fine, mature red with a hint of blackberry, an undertone of the alkaline Burgundy soil, a delicate aftertaste of burnt garlic, and a whole lot of grapes."
                    },
                    "type": "paragraph"
                }
            ]
        },
        "description_plaintext": "A fine, mature red with a hint of blackberry, an undertone of the alkaline Burgundy soil, a delicate aftertaste of burnt garlic, and a whole lot of grapes.",
        "search_vector": "'aftertast':21B 'alkalin':16B 'blackberri':11B 'burgundi':17B 'burnt':23B 'delic':20B 'fine':4B 'garlic':24B 'grape':30B 'hint':9B 'lot':28B 'matur':5B 'red':1A,6B 'soil':18B 'underton':13B 'whole':27B 'wine':2A",
        "category": 15,
        "updated_at": "2021-05-05T20:48:37.162Z",
        "charge_taxes": true,
        "weight": "0.0:g",
        "default_variant": 193,
        "rating": null
    }
},
{
    "model": "product.product",
    "pk": 82,
    "fields": {
        "private_metadata": {},
        "metadata": {
            "vatlayer.code": "standard",
            "vatlayer.description": "standard"
        },
        "seo_title": "",
        "seo_description": "Watch the slow setting sun of a wild summer evening sink into the horizon as you sip white wine that tastes like bittersweet memories of halcyon days.",
        "product_type": 10,
        "name": "White Wine",
        "slug": "white-wine",
        "description": {
            "blocks": [
                {
                    "data": {
                        "text": "Watch the slow setting sun of a wild summer evening sink into the horizon as you sip white wine that tastes like bittersweet memories of halcyon days."
                    },
                    "type": "paragraph"
                }
            ]
        },
        "description_plaintext": "Watch the slow setting sun of a wild summer evening sink into the horizon as you sip white wine that tastes like bittersweet memories of halcyon days.",
        "search_vector": "'bittersweet':25B 'day':29B 'even':12B 'halcyon':28B 'horizon':16B 'like':24B 'memori':26B 'set':6B 'sink':13B 'sip':19B 'slow':5B 'summer':11B 'sun':7B 'tast':23B 'watch':3B 'white':1A,20B 'wild':10B 'wine':2A,21B",
        "category": 15,
        "updated_at": "2021-05-05T20:48:37.243Z",
        "charge_taxes": true,
        "weight": "0.0:g",
        "default_variant": 194,
        "rating": null
    }
},
{
    "model": "product.product",
    "pk": 83,
    "fields": {
        "private_metadata": {},
        "metadata": {
            "vatlayer.code": "standard",
            "vatlayer.description": "standard"
        },
        "seo_title": "",
        "seo_description": "Find your sea legs and then lose the power to use them with extra strong seaman’s lager. Don’t drink and sail, me hearties!",
        "product_type": 11,
        "name": "Seaman Lager",
        "slug": "seaman-lager",
        "description": {
            "blocks": [
                {
                    "data": {
                        "text": "Find your sea legs and then lose the power to use them with extra strong seaman’s lager. Don’t drink and sail, me hearties!"
                    },
                    "type": "paragraph"
                }
            ]
        },
        "description_plaintext": "Find your sea legs and then lose the power to use them with extra strong seaman’s lager. Don’t drink and sail, me hearties!",
        "search_vector": "'drink':23B 'extra':16B 'find':3B 'hearti':27B 'lager':2A,20B 'leg':6B 'lose':9B 'power':11B 'sail':25B 'sea':5B 'seaman':1A,18B 'strong':17B 'use':13B",
        "category": 15,
        "updated_at": "2021-05-05T20:48:37.330Z",
        "charge_taxes": true,
        "weight": "1000.0:g",
        "default_variant": 195,
        "rating": null
    }
},
{
    "model": "product.product",
    "pk": 84,
    "fields": {
        "private_metadata": {},
        "metadata": {
            "vatlayer.code": "standard",
            "vatlayer.description": "standard"
        },
        "seo_title": "",
        "seo_description": "Best beer on the seven seas. A dark ale for when the dark clouds gather overhead. The nutty nautical taste that sailors love.",
        "product_type": 11,
        "name": "Seaman Beer",
        "slug": "seaman-beer",
        "description": {
            "blocks": [
                {
                    "data": {
                        "text": "Best beer on the seven seas. A dark ale for when the dark clouds gather overhead. The nutty nautical taste that sailors love."
                    },
                    "type": "paragraph"
                }
            ]
        },
        "description_plaintext": "Best beer on the seven seas. A dark ale for when the dark clouds gather overhead. The nutty nautical taste that sailors love.",
        "search_vector": "'ale':11B 'beer':2A,4B 'best':3B 'cloud':16B 'dark':10B,15B 'gather':17B 'love':25B 'nautic':21B 'nutti':20B 'overhead':18B 'sailor':24B 'sea':8B 'seaman':1A 'seven':7B 'tast':22B",
        "category": 15,
        "updated_at": "2021-05-05T20:48:37.424Z",
        "charge_taxes": true,
        "weight": "1000.0:g",
        "default_variant": 196,
        "rating": null
    }
},
{
    "model": "product.product",
    "pk": 85,
    "fields": {
        "private_metadata": {},
        "metadata": {
            "vatlayer.code": "standard",
            "vatlayer.description": "standard"
        },
        "seo_title": "",
        "seo_description": "Add a little color to your life with a Saleor parrot cushion. Turns any old sofa into a rainbow of classy interior design.",
        "product_type": 12,
        "name": "Colored Parrot Cushion",
        "slug": "colored-parrot-cushion",
        "description": {
            "blocks": [
                {
                    "data": {
                        "text": "Add a little color to your life with a Saleor parrot cushion. Turns any old sofa into a rainbow of classy interior design."
                    },
                    "type": "paragraph"
                }
            ]
        },
        "description_plaintext": "Add a little color to your life with a Saleor parrot cushion. Turns any old sofa into a rainbow of classy interior design.",
        "search_vector": "'add':4B 'classi':24B 'color':1A,7B 'cushion':3A,15B 'design':26B 'interior':25B 'life':10B 'littl':6B 'old':18B 'parrot':2A,14B 'rainbow':22B 'saleor':13B 'sofa':19B 'turn':16B",
        "category": 22,
        "updated_at": "2021-05-05T20:48:37.502Z",
        "charge_taxes": true,
        "weight": "0.0:g",
        "default_variant": 197,
        "rating": null
    }
},
{
    "model": "product.product",
    "pk": 86,
    "fields": {
        "private_metadata": {},
        "metadata": {
            "vatlayer.code": "standard",
            "vatlayer.description": "standard"
        },
        "seo_title": "",
        "seo_description": "Minimalist interiors need simple, sleek soft furnishings. Don’t parrot what others do, set your own monochrome trends with Saleor designs.",
        "product_type": 12,
        "name": "White Parrot Cushion",
        "slug": "white-parrot-cushion",
        "description": {
            "blocks": [
                {
                    "data": {
                        "text": "Minimalist interiors need simple, sleek soft furnishings. Don’t parrot what others do, set your own monochrome trends with Saleor designs."
                    },
                    "type": "paragraph"
                }
            ]
        },
        "description_plaintext": "Minimalist interiors need simple, sleek soft furnishings. Don’t parrot what others do, set your own monochrome trends with Saleor designs.",
        "search_vector": "'cushion':3A 'design':24B 'furnish':10B 'interior':5B 'minimalist':4B 'monochrom':20B 'need':6B 'other':15B 'parrot':2A,13B 'saleor':23B 'set':17B 'simpl':7B 'sleek':8B 'soft':9B 'trend':21B 'white':1A",
        "category": 22,
        "updated_at": "2021-05-05T20:48:37.653Z",
        "charge_taxes": true,
        "weight": "0.0:g",
        "default_variant": 199,
        "rating": null
    }
},
{
    "model": "product.product",
    "pk": 87,
    "fields": {
        "private_metadata": {},
        "metadata": {
            "vatlayer.code": "standard",
            "vatlayer.description": "standard"
        },
        "seo_title": "",
        "seo_description": "Mellow yellow. Step into summer with Saleor. Every time your head goes down, you see these beauties, and your mood bounces right back up.",
        "product_type": 13,
        "name": "Yellow Plimsolls",
        "slug": "yellow-plimsolls",
        "description": {
            "blocks": [
                {
                    "data": {
                        "text": "Mellow yellow. Step into summer with Saleor. Every time your head goes down, you see these beauties, and your mood bounces right back up."
                    },
                    "type": "paragraph"
                }
            ]
        },
        "description_plaintext": "Mellow yellow. Step into summer with Saleor. Every time your head goes down, you see these beauties, and your mood bounces right back up.",
        "search_vector": "'back':25B 'beauti':19B 'bounc':23B 'everi':10B 'goe':14B 'head':13B 'mellow':3B 'mood':22B 'plimsol':2A 'right':24B 'saleor':9B 'see':17B 'step':5B 'summer':7B 'time':11B 'yellow':1A,4B",
        "category": 13,
        "updated_at": "2021-05-05T20:48:39.948Z",
        "charge_taxes": true,
        "weight": "0.0:g",
        "default_variant": 242,
        "rating": null
    }
},
{
    "model": "product.product",
    "pk": 88,
    "fields": {
        "private_metadata": {},
        "metadata": {
            "vatlayer.code": "standard",
            "vatlayer.description": "standard"
        },
        "seo_title": "",
        "seo_description": "PE at school wouldn’t have been such a drag with these on your feet. Slip on the style and stride tall with Saleor branded plimsolls. PE now stands for pretty elegant.",
        "product_type": 13,
        "name": "White Plimsolls",
        "slug": "white-plimsolls",
        "description": {
            "blocks": [
                {
                    "data": {
                        "text": "PE at school wouldn’t have been such a drag with these on your feet. Slip on the style and stride tall with Saleor branded plimsolls. PE now stands for pretty elegant."
                    },
                    "type": "paragraph"
                }
            ]
        },
        "description_plaintext": "PE at school wouldn’t have been such a drag with these on your feet. Slip on the style and stride tall with Saleor branded plimsolls. PE now stands for pretty elegant.",
        "search_vector": "'brand':27B 'drag':12B 'eleg':34B 'feet':17B 'pe':3B,29B 'plimsol':2A,28B 'pretti':33B 'saleor':26B 'school':5B 'slip':18B 'stand':31B 'stride':23B 'style':21B 'tall':24B 'white':1A 'wouldn':6B",
        "category": 13,
        "updated_at": "2021-05-05T20:48:40.437Z",
        "charge_taxes": true,
        "weight": "1000.0:g",
        "default_variant": 247,
        "rating": null
    }
},
{
    "model": "product.product",
    "pk": 89,
    "fields": {
        "private_metadata": {},
        "metadata": {
            "vatlayer.code": "standard",
            "vatlayer.description": "standard"
        },
        "seo_title": "",
        "seo_description": "Pay homage to the music and art of Joy Division and Peter Saville, but with a Mirumee twist. Perfect live transmission apparel for dead souls.",
        "product_type": 14,
        "name": "Code Division T-shirt",
        "slug": "code-division-t-shirt",
        "description": {
            "blocks": [
                {
                    "data": {
                        "text": "Pay homage to the music and art of a Joy Division and Peter Saville, but with a Mirumee twist. Perfect live transmission apparel for dead souls."
                    },
                    "type": "paragraph"
                }
            ]
        },
        "description_plaintext": "Pay homage to the music and art of Joy Division and Peter Saville, but with a Mirumee twist. Perfect live transmission apparel for dead souls.",
        "search_vector": "'apparel':27B 'art':12B 'code':1A 'dead':29B 'divis':2A,15B 'homag':7B 'joy':14B 'live':25B 'mirume':22B 'music':10B 'pay':6B 'perfect':24B 'peter':17B 'savill':18B 'shirt':5A 'soul':30B 't-shirt':3A 'transmiss':26B 'twist':23B",
        "category": 10,
        "updated_at": "2021-05-05T20:48:40.792Z",
        "charge_taxes": true,
        "weight": "0.0:g",
        "default_variant": 251,
        "rating": null
    }
},
{
    "model": "product.product",
    "pk": 107,
    "fields": {
        "private_metadata": {},
        "metadata": {
            "vatlayer.code": "standard",
            "vatlayer.description": "standard"
        },
        "seo_title": "",
        "seo_description": "Ever have those days where you feel a bit geometric? Can't quite shape yourself up right? Show your different sides with a Saleor styles.",
        "product_type": 14,
        "name": "Polo Shirt",
        "slug": "polo-shirt",
        "description": {
            "blocks": [
                {
                    "data": {
                        "text": "Ever have those days where you feel a bit geometric? Can't quite shape yourself up right? Show your different sides with a Saleor styles."
                    },
                    "type": "paragraph"
                }
            ]
        },
        "description_plaintext": "Ever have those days where you feel a bit geometric? Can't quite shape yourself up right? Show your different sides with a Saleor styles.",
        "search_vector": "'bit':11B 'day':6B 'differ':22B 'ever':3B 'feel':9B 'geometr':12B 'polo':1A 'quit':15B 'right':19B 'saleor':26B 'shape':16B 'shirt':2A 'show':20B 'side':23B 'style':27B",
        "category": 11,
        "updated_at": "2021-05-05T20:48:41.266Z",
        "charge_taxes": true,
        "weight": "0.0:g",
        "default_variant": 256,
        "rating": null
    }
},
{
    "model": "product.product",
    "pk": 108,
    "fields": {
        "private_metadata": {},
        "metadata": {
            "vatlayer.code": "standard",
            "vatlayer.description": "standard"
        },
        "seo_title": "",
        "seo_description": "Polo? Yolo… so don’t waste time on the wrong apparel. Choose a polo shirt that looks as good as you feel.",
        "product_type": 14,
        "name": "Polo Shirt",
        "slug": "polo-shirt-2",
        "description": {
            "blocks": [
                {
                    "data": {
                        "text": "Polo? Yolo… so don’t waste time on the wrong apparel. Choose a polo shirt that looks as good as you feel."
                    },
                    "type": "paragraph"
                }
            ]
        },
        "description_plaintext": "Polo? Yolo… so don’t waste time on the wrong apparel. Choose a polo shirt that looks as good as you feel.",
        "search_vector": "'apparel':13B 'choos':14B 'feel':24B 'good':21B 'look':19B 'polo':1A,3B,16B 'shirt':2A,17B 'time':9B 'wast':8B 'wrong':12B 'yolo':4B",
        "category": 11,
        "updated_at": "2021-05-05T20:48:41.735Z",
        "charge_taxes": true,
        "weight": "0.0:g",
        "default_variant": 261,
        "rating": null
    }
},
{
    "model": "product.product",
    "pk": 109,
    "fields": {
        "private_metadata": {},
        "metadata": {
            "vatlayer.code": "standard",
            "vatlayer.description": "standard"
        },
        "seo_title": "",
        "seo_description": "Wondering if this will look as good on you as it does on the screen? The answer is yes. A quality polo with smart styling.",
        "product_type": 14,
        "name": "Polo Shirt",
        "slug": "polo-shirt-3",
        "description": {
            "blocks": [
                {
                    "data": {
                        "text": "Wondering if this will look as good on you as it does on the screen? The answer is yes. A quality polo with smart styling."
                    },
                    "type": "paragraph"
                }
            ]
        },
        "description_plaintext": "Wondering if this will look as good on you as it does on the screen? The answer is yes. A quality polo with smart styling.",
        "search_vector": "'answer':19B 'good':9B 'look':7B 'polo':1A,24B 'qualiti':23B 'screen':17B 'shirt':2A 'smart':26B 'style':27B 'wonder':3B 'yes':21B",
        "category": 11,
        "updated_at": "2021-05-05T20:48:42.217Z",
        "charge_taxes": true,
        "weight": "0.0:g",
        "default_variant": 266,
        "rating": null
    }
},
{
    "model": "product.product",
    "pk": 110,
    "fields": {
        "private_metadata": {},
        "metadata": {
            "vatlayer.code": "standard",
            "vatlayer.description": "standard"
        },
        "seo_title": "",
        "seo_description": "They say polo is the sport of kings. Or was that stamp collecting? Either way, this shirt is fit for a king of Saturday night.",
        "product_type": 14,
        "name": "Polo Shirt",
        "slug": "polo-shirt-4",
        "description": {
            "blocks": [
                {
                    "data": {
                        "text": "They say polo is the sport of kings. Or was that stamp collecting? Either way, this shirt is fit for a king of Saturday night."
                    },
                    "type": "paragraph"
                }
            ]
        },
        "description_plaintext": "They say polo is the sport of kings. Or was that stamp collecting? Either way, this shirt is fit for a king of Saturday night.",
        "search_vector": "'collect':15B 'either':16B 'fit':21B 'king':10B,24B 'night':27B 'polo':1A,5B 'saturday':26B 'say':4B 'shirt':2A,19B 'sport':8B 'stamp':14B 'way':17B",
        "category": 11,
        "updated_at": "2021-05-05T20:48:42.720Z",
        "charge_taxes": true,
        "weight": "0.0:g",
        "default_variant": 271,
        "rating": null
    }
},
{
    "model": "product.product",
    "pk": 111,
    "fields": {
        "private_metadata": {},
        "metadata": {
            "vatlayer.code": "standard",
            "vatlayer.description": "standard"
        },
        "seo_title": "",
        "seo_description": "One style fits all. Get a look that works even when you are taking it easy. Relaxed wear for the masses.",
        "product_type": 14,
        "name": "T-shirt",
        "slug": "t-shirt-2",
        "description": {
            "blocks": [
                {
                    "data": {
                        "text": "One style fits all. Get a look that works even when you are taking it easy. Relaxed wear for the masses."
                    },
                    "type": "paragraph"
                }
            ]
        },
        "description_plaintext": "One style fits all. Get a look that works even when you are taking it easy. Relaxed wear for the masses.",
        "search_vector": "'easi':19B 'even':13B 'fit':6B 'get':8B 'look':10B 'mass':24B 'one':4B 'relax':20B 'shirt':3A 'style':5B 't-shirt':1A 'take':17B 'wear':21B 'work':12B",
        "category": 10,
        "updated_at": "2021-05-05T20:48:43.348Z",
        "charge_taxes": true,
        "weight": "0.0:g",
        "default_variant": 276,
        "rating": null
    }
},
{
    "model": "product.product",
    "pk": 112,
    "fields": {
        "private_metadata": {},
        "metadata": {
            "vatlayer.code": "standard",
            "vatlayer.description": "standard"
        },
        "seo_title": "",
        "seo_description": "A classic tee for a timeless look, at a great price. Feel like a million bucks without breaking the bank.",
        "product_type": 14,
        "name": "T-shirt",
        "slug": "t-shirt",
        "description": {
            "blocks": [
                {
                    "data": {
                        "text": "A classic tee for a timeless look, at a great price. Feel like a million bucks without breaking the bank."
                    },
                    "type": "paragraph"
                }
            ]
        },
        "description_plaintext": "A classic tee for a timeless look, at a great price. Feel like a million bucks without breaking the bank.",
        "search_vector": "'bank':23B 'break':21B 'buck':19B 'classic':5B 'feel':15B 'great':13B 'like':16B 'look':10B 'million':18B 'price':14B 'shirt':3A 't-shirt':1A 'tee':6B 'timeless':9B 'without':20B",
        "category": 10,
        "updated_at": "2021-05-05T20:48:44.496Z",
        "charge_taxes": true,
        "weight": "0.0:g",
        "default_variant": 281,
        "rating": null
    }
},
{
    "model": "product.product",
    "pk": 113,
    "fields": {
        "private_metadata": {},
        "metadata": {
            "vatlayer.code": "standard",
            "vatlayer.description": "standard"
        },
        "seo_title": "",
        "seo_description": "Want to look like you just fell out of bed? Sometimes style can be effortless. Throw it on get on with having a good day.",
        "product_type": 14,
        "name": "T-shirt",
        "slug": "t-shirt-4",
        "description": {
            "blocks": [
                {
                    "data": {
                        "text": "Want to look like you just fell out of bed? Sometimes style can be effortless. Throw it on get on with having a good day."
                    },
                    "type": "paragraph"
                }
            ]
        },
        "description_plaintext": "Want to look like you just fell out of bed? Sometimes style can be effortless. Throw it on get on with having a good day.",
        "search_vector": "'bed':13B 'day':28B 'effortless':18B 'fell':10B 'get':22B 'good':27B 'like':7B 'look':6B 'shirt':3A 'sometim':14B 'style':15B 't-shirt':1A 'throw':19B 'want':4B",
        "category": 10,
        "updated_at": "2021-05-05T20:48:45.684Z",
        "charge_taxes": true,
        "weight": "0.0:g",
        "default_variant": 286,
        "rating": null
    }
},
{
    "model": "product.product",
    "pk": 114,
    "fields": {
        "private_metadata": {},
        "metadata": {
            "vatlayer.code": "standard",
            "vatlayer.description": "standard"
        },
        "seo_title": "",
        "seo_description": "Your t-shirt is your second skin. It’s the version of you that you show to the world. Wear one that flows with your movements and is built to last.",
        "product_type": 14,
        "name": "T-shirt",
        "slug": "t-shirt-3",
        "description": {
            "blocks": [
                {
                    "data": {
                        "text": "Your t-shirt is your second skin. It’s the version of you that you show to the world. Wear one that flows with your movements and is built to last."
                    },
                    "type": "paragraph"
                }
            ]
        },
        "description_plaintext": "Your t-shirt is your second skin. It’s the version of you that you show to the world. Wear one that flows with your movements and is built to last.",
        "search_vector": "'built':33B 'flow':27B 'last':35B 'movement':30B 'one':25B 'second':10B 'shirt':3A,7B 'show':20B 'skin':11B 't-shirt':1A,5B 'version':15B 'wear':24B 'world':23B",
        "category": 10,
        "updated_at": "2021-05-05T20:48:46.857Z",
        "charge_taxes": true,
        "weight": "0.0:g",
        "default_variant": 291,
        "rating": null
    }
},
{
    "model": "product.product",
    "pk": 115,
    "fields": {
        "private_metadata": {},
        "metadata": {
            "vatlayer.code": "standard",
            "vatlayer.description": "standard"
        },
        "seo_title": "",
        "seo_description": "Special offer. Buy a hood and get a free jet black sweater attached. Perfect for when you are up to no good.",
        "product_type": 14,
        "name": "Black Hoodie",
        "slug": "black-hoodie",
        "description": {
            "blocks": [
                {
                    "data": {
                        "text": "Special offer. Buy a hood and get a free jet black sweater attached. Perfect for when you are up to no good."
                    },
                    "type": "paragraph"
                }
            ]
        },
        "description_plaintext": "Special offer. Buy a hood and get a free jet black sweater attached. Perfect for when you are up to no good.",
        "search_vector": "'attach':15B 'black':1A,13B 'buy':5B 'free':11B 'get':9B 'good':24B 'hood':7B 'hoodi':2A 'jet':12B 'offer':4B 'perfect':16B 'special':3B 'sweater':14B",
        "category": 12,
        "updated_at": "2021-05-05T20:48:47.686Z",
        "charge_taxes": true,
        "weight": "0.0:g",
        "default_variant": 296,
        "rating": null
    }
},
{
    "model": "product.product",
    "pk": 116,
    "fields": {
        "private_metadata": {},
        "metadata": {
            "vatlayer.code": "standard",
            "vatlayer.description": "standard"
        },
        "seo_title": "",
        "seo_description": "Special offer. Buy a superhero blue sweater and get a free hood attached. Ideal for when you are out saving the world.",
        "product_type": 14,
        "name": "Blue Hoodie",
        "slug": "blue-hoodie",
        "description": {
            "blocks": [
                {
                    "data": {
                        "text": "Special offer. Buy a superhero blue sweater and get a free hood attached. Ideal for when you are out saving the world."
                    },
                    "type": "paragraph"
                }
            ]
        },
        "description_plaintext": "Special offer. Buy a superhero blue sweater and get a free hood attached. Ideal for when you are out saving the world.",
        "search_vector": "'attach':15B 'blue':1A,8B 'buy':5B 'free':13B 'get':11B 'hood':14B 'hoodi':2A 'ideal':16B 'offer':4B 'save':22B 'special':3B 'superhero':7B 'sweater':9B 'world':24B",
        "category": 12,
        "updated_at": "2021-05-05T20:48:48.498Z",
        "charge_taxes": true,
        "weight": "0.0:g",
        "default_variant": 301,
        "rating": null
    }
},
{
    "model": "product.product",
    "pk": 117,
    "fields": {
        "private_metadata": {},
        "metadata": {
            "vatlayer.code": "standard",
            "vatlayer.description": "standard"
        },
        "seo_title": "",
        "seo_description": "Who dunnit? It was Colonel Mustard, in the dining room, with the lead piping, wearing this hot as mustard hoodie.",
        "product_type": 14,
        "name": "Mustard Hoodie",
        "slug": "mustard-hoodie",
        "description": {
            "blocks": [
                {
                    "data": {
                        "text": "Who dunnit? It was Colonel Mustard, in the dining room, with the lead piping, wearing this hot as mustard hoodie."
                    },
                    "type": "paragraph"
                }
            ]
        },
        "description_plaintext": "Who dunnit? It was Colonel Mustard, in the dining room, with the lead piping, wearing this hot as mustard hoodie.",
        "search_vector": "'colonel':7B 'dine':11B 'dunnit':4B 'hoodi':2A,22B 'hot':19B 'lead':15B 'mustard':1A,8B,21B 'pipe':16B 'room':12B 'wear':17B",
        "category": 12,
        "updated_at": "2021-05-05T20:48:49.376Z",
        "charge_taxes": true,
        "weight": "0.0:g",
        "default_variant": 306,
        "rating": null
    }
},
{
    "model": "product.product",
    "pk": 118,
    "fields": {
        "private_metadata": {},
        "metadata": {
            "vatlayer.code": "standard",
            "vatlayer.description": "standard"
        },
        "seo_title": "",
        "seo_description": "Get your slouch on and be seen with a whiter than white hoodie straight from the streets. Relaxed stylin’ and profilin’ with flair.",
        "product_type": 14,
        "name": "White Hoodie",
        "slug": "white-hoodie",
        "description": {
            "blocks": [
                {
                    "data": {
                        "text": "Get your slouch on and be seen with a whiter than white hoodie straight from the streets. Relaxed stylin’ and profilin’ with flair."
                    },
                    "type": "paragraph"
                }
            ]
        },
        "description_plaintext": "Get your slouch on and be seen with a whiter than white hoodie straight from the streets. Relaxed stylin’ and profilin’ with flair.",
        "search_vector": "'flair':25B 'get':3B 'hoodi':2A,15B 'profilin':23B 'relax':20B 'seen':9B 'slouch':5B 'straight':16B 'street':19B 'stylin':21B 'white':1A,14B 'whiter':12B",
        "category": 12,
        "updated_at": "2021-05-05T20:48:50.068Z",
        "charge_taxes": true,
        "weight": "0.0:g",
        "default_variant": 311,
        "rating": null
    }
},
{
    "model": "product.product",
    "pk": 119,
    "fields": {
        "private_metadata": {},
        "metadata": {},
        "seo_title": "",
        "seo_description": "",
        "product_type": 15,
        "name": "Sea Lullabies",
        "slug": "sea-lullabies",
        "description": {
            "blocks": [
                {
                    "data": {
                        "text": "Sea Lullabies by Digital Audio."
                    },
                    "type": "paragraph"
                }
            ]
        },
        "description_plaintext": "Sea Lullabies by Digital Audio.",
        "search_vector": "'audio':7B 'digit':6B 'lullabi':2A,4B 'sea':1A,3B",
        "category": 23,
        "updated_at": "2021-05-05T20:48:50.724Z",
        "charge_taxes": false,
        "weight": "0.0:g",
        "default_variant": 316,
        "rating": null
    }
},
{
    "model": "product.product",
    "pk": 120,
    "fields": {
        "private_metadata": {},
        "metadata": {},
        "seo_title": "",
        "seo_description": "",
        "product_type": 15,
        "name": "Lake Tunes",
        "slug": "lake-tunes",
        "description": {
            "blocks": [
                {
                    "data": {
                        "text": "Lake Tunes by Digital Audio."
                    },
                    "type": "paragraph"
                }
            ]
        },
        "description_plaintext": "Lake Tunes by Digital Audio.",
        "search_vector": "'audio':7B 'digit':6B 'lake':1A,3B 'tune':2A,4B",
        "category": 23,
        "updated_at": "2021-05-05T20:48:50.833Z",
        "charge_taxes": false,
        "weight": "0.0:g",
        "default_variant": 317,
        "rating": null
    }
},
{
    "model": "product.product",
    "pk": 121,
    "fields": {
        "private_metadata": {},
        "metadata": {},
        "seo_title": "",
        "seo_description": "",
        "product_type": 15,
        "name": "Ocean Poems",
        "slug": "ocean-poems",
        "description": {
            "blocks": [
                {
                    "data": {
                        "text": "Ocean Poems by Digital Audio."
                    },
                    "type": "paragraph"
                }
            ]
        },
        "description_plaintext": "Ocean Poems by Digital Audio.",
        "search_vector": "'audio':7B 'digit':6B 'ocean':1A,3B 'poem':2A,4B",
        "category": 23,
        "updated_at": "2021-05-05T20:48:50.940Z",
        "charge_taxes": false,
        "weight": "0.0:g",
        "default_variant": 318,
        "rating": null
    }
},
{
    "model": "product.product",
    "pk": 122,
    "fields": {
        "private_metadata": {},
        "metadata": {},
        "seo_title": "",
        "seo_description": "",
        "product_type": 15,
        "name": "Bathroom Songs",
        "slug": "bathroom-songs",
        "description": {
            "blocks": [
                {
                    "data": {
                        "text": "Bathroom Songs by Digital Audio."
                    },
                    "type": "paragraph"
                }
            ]
        },
        "description_plaintext": "Bathroom Songs by Digital Audio.",
        "search_vector": "'audio':7B 'bathroom':1A,3B 'digit':6B 'song':2A,4B",
        "category": 23,
        "updated_at": "2021-05-05T20:48:51.055Z",
        "charge_taxes": false,
        "weight": "0.0:g",
        "default_variant": 319,
        "rating": null
    }
},
{
    "model": "product.product",
    "pk": 123,
    "fields": {
        "private_metadata": {},
        "metadata": {},
        "seo_title": "",
        "seo_description": "",
        "product_type": 15,
        "name": "Lagoon Chants",
        "slug": "lagoon-chants",
        "description": {
            "blocks": [
                {
                    "data": {
                        "text": "Lagoon Chants by Digital Audio."
                    },
                    "type": "paragraph"
                }
            ]
        },
        "description_plaintext": "Lagoon Chants by Digital Audio.",
        "search_vector": "'audio':7B 'chant':2A,4B 'digit':6B 'lagoon':1A,3B",
        "category": 23,
        "updated_at": "2021-05-05T20:48:51.168Z",
        "charge_taxes": false,
        "weight": "0.0:g",
        "default_variant": 320,
        "rating": null
    }
},
{
    "model": "product.product",
    "pk": 124,
    "fields": {
        "private_metadata": {},
        "metadata": {},
        "seo_title": "",
        "seo_description": "",
        "product_type": 15,
        "name": "Waterfall Ballads",
        "slug": "waterfall-ballads",
        "description": {
            "blocks": [
                {
                    "data": {
                        "text": "Waterfall Ballads by Digital Audio."
                    },
                    "type": "paragraph"
                }
            ]
        },
        "description_plaintext": "Waterfall Ballads by Digital Audio.",
        "search_vector": "'audio':7B 'ballad':2A,4B 'digit':6B 'waterfal':1A,3B",
        "category": 23,
        "updated_at": "2021-05-05T20:48:51.285Z",
        "charge_taxes": false,
        "weight": "0.0:g",
        "default_variant": 321,
        "rating": null
    }
},
{
    "model": "product.productchannellisting",
    "pk": 1,
    "fields": {
        "publication_date": "2020-01-01",
        "is_published": true,
        "product": 72,
        "channel": 1,
        "visible_in_listings": true,
        "available_for_purchase": "2020-08-31",
        "currency": "USD",
        "discounted_price_amount": null
    }
},
{
    "model": "product.productchannellisting",
    "pk": 2,
    "fields": {
        "publication_date": "2020-01-01",
        "is_published": true,
        "product": 74,
        "channel": 1,
        "visible_in_listings": true,
        "available_for_purchase": "2020-08-31",
        "currency": "USD",
        "discounted_price_amount": null
    }
},
{
    "model": "product.productchannellisting",
    "pk": 3,
    "fields": {
        "publication_date": "2020-01-01",
        "is_published": true,
        "product": 122,
        "channel": 1,
        "visible_in_listings": false,
        "available_for_purchase": "2020-08-31",
        "currency": "USD",
        "discounted_price_amount": null
    }
},
{
    "model": "product.productchannellisting",
    "pk": 4,
    "fields": {
        "publication_date": "2020-01-01",
        "is_published": true,
        "product": 79,
        "channel": 1,
        "visible_in_listings": true,
        "available_for_purchase": "2020-08-31",
        "currency": "USD",
        "discounted_price_amount": null
    }
},
{
    "model": "product.productchannellisting",
    "pk": 5,
    "fields": {
        "publication_date": "2020-01-01",
        "is_published": true,
        "product": 115,
        "channel": 1,
        "visible_in_listings": true,
        "available_for_purchase": "2020-08-31",
        "currency": "USD",
        "discounted_price_amount": null
    }
},
{
    "model": "product.productchannellisting",
    "pk": 6,
    "fields": {
        "publication_date": "2020-01-01",
        "is_published": true,
        "product": 116,
        "channel": 1,
        "visible_in_listings": true,
        "available_for_purchase": "2020-08-31",
        "currency": "USD",
        "discounted_price_amount": null
    }
},
{
    "model": "product.productchannellisting",
    "pk": 7,
    "fields": {
        "publication_date": "2020-01-01",
        "is_published": true,
        "product": 73,
        "channel": 1,
        "visible_in_listings": true,
        "available_for_purchase": "2020-08-31",
        "currency": "USD",
        "discounted_price_amount": null
    }
},
{
    "model": "product.productchannellisting",
    "pk": 8,
    "fields": {
        "publication_date": "2020-01-01",
        "is_published": true,
        "product": 76,
        "channel": 1,
        "visible_in_listings": true,
        "available_for_purchase": "2020-08-31",
        "currency": "USD",
        "discounted_price_amount": null
    }
},
{
    "model": "product.productchannellisting",
    "pk": 9,
    "fields": {
        "publication_date": "2020-01-01",
        "is_published": true,
        "product": 89,
        "channel": 1,
        "visible_in_listings": true,
        "available_for_purchase": "2020-08-31",
        "currency": "USD",
        "discounted_price_amount": null
    }
},
{
    "model": "product.productchannellisting",
    "pk": 10,
    "fields": {
        "publication_date": "2020-01-01",
        "is_published": true,
        "product": 85,
        "channel": 1,
        "visible_in_listings": true,
        "available_for_purchase": "2020-08-31",
        "currency": "USD",
        "discounted_price_amount": null
    }
},
{
    "model": "product.productchannellisting",
    "pk": 11,
    "fields": {
        "publication_date": "2020-01-01",
        "is_published": true,
        "product": 78,
        "channel": 1,
        "visible_in_listings": true,
        "available_for_purchase": "2020-08-31",
        "currency": "USD",
        "discounted_price_amount": null
    }
},
{
    "model": "product.productchannellisting",
    "pk": 12,
    "fields": {
        "publication_date": "2020-01-01",
        "is_published": true,
        "product": 65,
        "channel": 1,
        "visible_in_listings": true,
        "available_for_purchase": "2021-08-31",
        "currency": "USD",
        "discounted_price_amount": null
    }
},
{
    "model": "product.productchannellisting",
    "pk": 13,
    "fields": {
        "publication_date": "2020-01-01",
        "is_published": true,
        "product": 123,
        "channel": 1,
        "visible_in_listings": false,
        "available_for_purchase": "2020-08-31",
        "currency": "USD",
        "discounted_price_amount": null
    }
},
{
    "model": "product.productchannellisting",
    "pk": 14,
    "fields": {
        "publication_date": "2020-01-01",
        "is_published": true,
        "product": 120,
        "channel": 1,
        "visible_in_listings": true,
        "available_for_purchase": "2020-08-31",
        "currency": "USD",
        "discounted_price_amount": null
    }
},
{
    "model": "product.productchannellisting",
    "pk": 15,
    "fields": {
        "publication_date": "2020-01-01",
        "is_published": true,
        "product": 64,
        "channel": 1,
        "visible_in_listings": true,
        "available_for_purchase": "2021-08-31",
        "currency": "USD",
        "discounted_price_amount": null
    }
},
{
    "model": "product.productchannellisting",
    "pk": 16,
    "fields": {
        "publication_date": "2020-01-01",
        "is_published": true,
        "product": 117,
        "channel": 1,
        "visible_in_listings": true,
        "available_for_purchase": "2020-08-31",
        "currency": "USD",
        "discounted_price_amount": null
    }
},
{
    "model": "product.productchannellisting",
    "pk": 17,
    "fields": {
        "publication_date": "2020-01-01",
        "is_published": true,
        "product": 61,
        "channel": 1,
        "visible_in_listings": true,
        "available_for_purchase": "2020-08-31",
        "currency": "USD",
        "discounted_price_amount": null
    }
},
{
    "model": "product.productchannellisting",
    "pk": 18,
    "fields": {
        "publication_date": "2020-01-01",
        "is_published": true,
        "product": 121,
        "channel": 1,
        "visible_in_listings": false,
        "available_for_purchase": "2020-08-31",
        "currency": "USD",
        "discounted_price_amount": null
    }
},
{
    "model": "product.productchannellisting",
    "pk": 19,
    "fields": {
        "publication_date": "2020-01-01",
        "is_published": true,
        "product": 71,
        "channel": 1,
        "visible_in_listings": true,
        "available_for_purchase": "2020-08-31",
        "currency": "USD",
        "discounted_price_amount": null
    }
},
{
    "model": "product.productchannellisting",
    "pk": 20,
    "fields": {
        "publication_date": "2020-01-01",
        "is_published": true,
        "product": 75,
        "channel": 1,
        "visible_in_listings": true,
        "available_for_purchase": "2020-08-31",
        "currency": "USD",
        "discounted_price_amount": null
    }
},
{
    "model": "product.productchannellisting",
    "pk": 21,
    "fields": {
        "publication_date": "2020-01-01",
        "is_published": true,
        "product": 107,
        "channel": 1,
        "visible_in_listings": true,
        "available_for_purchase": "2020-08-31",
        "currency": "USD",
        "discounted_price_amount": null
    }
},
{
    "model": "product.productchannellisting",
    "pk": 22,
    "fields": {
        "publication_date": "2020-01-01",
        "is_published": true,
        "product": 108,
        "channel": 1,
        "visible_in_listings": true,
        "available_for_purchase": "2020-08-31",
        "currency": "USD",
        "discounted_price_amount": null
    }
},
{
    "model": "product.productchannellisting",
    "pk": 23,
    "fields": {
        "publication_date": "2020-01-01",
        "is_published": true,
        "product": 109,
        "channel": 1,
        "visible_in_listings": true,
        "available_for_purchase": "2020-08-31",
        "currency": "USD",
        "discounted_price_amount": null
    }
},
{
    "model": "product.productchannellisting",
    "pk": 24,
    "fields": {
        "publication_date": "2020-01-01",
        "is_published": true,
        "product": 110,
        "channel": 1,
        "visible_in_listings": true,
        "available_for_purchase": "2020-08-31",
        "currency": "USD",
        "discounted_price_amount": null
    }
},
{
    "model": "product.productchannellisting",
    "pk": 25,
    "fields": {
        "publication_date": "2020-01-01",
        "is_published": true,
        "product": 77,
        "channel": 1,
        "visible_in_listings": true,
        "available_for_purchase": "2020-08-31",
        "currency": "USD",
        "discounted_price_amount": null
    }
},
{
    "model": "product.productchannellisting",
    "pk": 26,
    "fields": {
        "publication_date": "2020-01-01",
        "is_published": true,
        "product": 63,
        "channel": 1,
        "visible_in_listings": true,
        "available_for_purchase": "2021-08-31",
        "currency": "USD",
        "discounted_price_amount": null
    }
},
{
    "model": "product.productchannellisting",
    "pk": 27,
    "fields": {
        "publication_date": "2020-01-01",
        "is_published": true,
        "product": 81,
        "channel": 1,
        "visible_in_listings": true,
        "available_for_purchase": "2020-08-31",
        "currency": "USD",
        "discounted_price_amount": null
    }
},
{
    "model": "product.productchannellisting",
    "pk": 28,
    "fields": {
        "publication_date": "2020-01-01",
        "is_published": true,
        "product": 119,
        "channel": 1,
        "visible_in_listings": true,
        "available_for_purchase": "2020-08-31",
        "currency": "USD",
        "discounted_price_amount": null
    }
},
{
    "model": "product.productchannellisting",
    "pk": 29,
    "fields": {
        "publication_date": "2020-01-01",
        "is_published": true,
        "product": 84,
        "channel": 1,
        "visible_in_listings": true,
        "available_for_purchase": "2020-08-31",
        "currency": "USD",
        "discounted_price_amount": null
    }
},
{
    "model": "product.productchannellisting",
    "pk": 30,
    "fields": {
        "publication_date": "2020-01-01",
        "is_published": true,
        "product": 83,
        "channel": 1,
        "visible_in_listings": true,
        "available_for_purchase": "2020-08-31",
        "currency": "USD",
        "discounted_price_amount": null
    }
},
{
    "model": "product.productchannellisting",
    "pk": 31,
    "fields": {
        "publication_date": "2020-01-01",
        "is_published": true,
        "product": 62,
        "channel": 1,
        "visible_in_listings": true,
        "available_for_purchase": "2021-08-31",
        "currency": "USD",
        "discounted_price_amount": null
    }
},
{
    "model": "product.productchannellisting",
    "pk": 32,
    "fields": {
        "publication_date": "2020-01-01",
        "is_published": true,
        "product": 112,
        "channel": 1,
        "visible_in_listings": true,
        "available_for_purchase": "2020-08-31",
        "currency": "USD",
        "discounted_price_amount": null
    }
},
{
    "model": "product.productchannellisting",
    "pk": 33,
    "fields": {
        "publication_date": "2020-01-01",
        "is_published": true,
        "product": 111,
        "channel": 1,
        "visible_in_listings": true,
        "available_for_purchase": "2020-08-31",
        "currency": "USD",
        "discounted_price_amount": null
    }
},
{
    "model": "product.productchannellisting",
    "pk": 34,
    "fields": {
        "publication_date": "2020-01-01",
        "is_published": true,
        "product": 114,
        "channel": 1,
        "visible_in_listings": true,
        "available_for_purchase": "2020-08-31",
        "currency": "USD",
        "discounted_price_amount": null
    }
},
{
    "model": "product.productchannellisting",
    "pk": 35,
    "fields": {
        "publication_date": "2020-01-01",
        "is_published": true,
        "product": 113,
        "channel": 1,
        "visible_in_listings": true,
        "available_for_purchase": "2020-08-31",
        "currency": "USD",
        "discounted_price_amount": null
    }
},
{
    "model": "product.productchannellisting",
    "pk": 36,
    "fields": {
        "publication_date": "2020-01-01",
        "is_published": true,
        "product": 124,
        "channel": 1,
        "visible_in_listings": false,
        "available_for_purchase": "2021-08-31",
        "currency": "USD",
        "discounted_price_amount": null
    }
},
{
    "model": "product.productchannellisting",
    "pk": 37,
    "fields": {
        "publication_date": "2020-01-01",
        "is_published": true,
        "product": 118,
        "channel": 1,
        "visible_in_listings": true,
        "available_for_purchase": "2020-08-31",
        "currency": "USD",
        "discounted_price_amount": null
    }
},
{
    "model": "product.productchannellisting",
    "pk": 38,
    "fields": {
        "publication_date": "2020-01-01",
        "is_published": true,
        "product": 86,
        "channel": 1,
        "visible_in_listings": true,
        "available_for_purchase": "2020-08-31",
        "currency": "USD",
        "discounted_price_amount": null
    }
},
{
    "model": "product.productchannellisting",
    "pk": 39,
    "fields": {
        "publication_date": "2020-01-01",
        "is_published": true,
        "product": 88,
        "channel": 1,
        "visible_in_listings": true,
        "available_for_purchase": "2020-08-31",
        "currency": "USD",
        "discounted_price_amount": null
    }
},
{
    "model": "product.productchannellisting",
    "pk": 40,
    "fields": {
        "publication_date": "2020-01-01",
        "is_published": true,
        "product": 82,
        "channel": 1,
        "visible_in_listings": true,
        "available_for_purchase": "2020-08-31",
        "currency": "USD",
        "discounted_price_amount": null
    }
},
{
    "model": "product.productchannellisting",
    "pk": 41,
    "fields": {
        "publication_date": "2020-01-01",
        "is_published": true,
        "product": 87,
        "channel": 1,
        "visible_in_listings": true,
        "available_for_purchase": "2020-08-31",
        "currency": "USD",
        "discounted_price_amount": null
    }
},
{
    "model": "product.productchannellisting",
    "pk": 42,
    "fields": {
        "publication_date": "2020-01-01",
        "is_published": true,
        "product": 72,
        "channel": 2,
        "visible_in_listings": true,
        "available_for_purchase": "2020-08-31",
        "currency": "PLN",
        "discounted_price_amount": null
    }
},
{
    "model": "product.productchannellisting",
    "pk": 43,
    "fields": {
        "publication_date": "2020-01-01",
        "is_published": true,
        "product": 74,
        "channel": 2,
        "visible_in_listings": true,
        "available_for_purchase": "2020-08-31",
        "currency": "PLN",
        "discounted_price_amount": null
    }
},
{
    "model": "product.productchannellisting",
    "pk": 44,
    "fields": {
        "publication_date": "2020-01-01",
        "is_published": true,
        "product": 122,
        "channel": 2,
        "visible_in_listings": false,
        "available_for_purchase": "2020-08-31",
        "currency": "PLN",
        "discounted_price_amount": null
    }
},
{
    "model": "product.productchannellisting",
    "pk": 45,
    "fields": {
        "publication_date": "2020-01-01",
        "is_published": true,
        "product": 79,
        "channel": 2,
        "visible_in_listings": true,
        "available_for_purchase": "2020-08-31",
        "currency": "PLN",
        "discounted_price_amount": null
    }
},
{
    "model": "product.productchannellisting",
    "pk": 46,
    "fields": {
        "publication_date": "2020-01-01",
        "is_published": true,
        "product": 115,
        "channel": 2,
        "visible_in_listings": true,
        "available_for_purchase": "2020-08-31",
        "currency": "PLN",
        "discounted_price_amount": null
    }
},
{
    "model": "product.productchannellisting",
    "pk": 47,
    "fields": {
        "publication_date": "2020-01-01",
        "is_published": true,
        "product": 116,
        "channel": 2,
        "visible_in_listings": true,
        "available_for_purchase": "2020-08-31",
        "currency": "PLN",
        "discounted_price_amount": null
    }
},
{
    "model": "product.productchannellisting",
    "pk": 48,
    "fields": {
        "publication_date": "2020-01-01",
        "is_published": true,
        "product": 73,
        "channel": 2,
        "visible_in_listings": true,
        "available_for_purchase": "2020-08-31",
        "currency": "PLN",
        "discounted_price_amount": null
    }
},
{
    "model": "product.productchannellisting",
    "pk": 49,
    "fields": {
        "publication_date": "2020-01-01",
        "is_published": true,
        "product": 76,
        "channel": 2,
        "visible_in_listings": true,
        "available_for_purchase": "2020-08-31",
        "currency": "PLN",
        "discounted_price_amount": null
    }
},
{
    "model": "product.productchannellisting",
    "pk": 50,
    "fields": {
        "publication_date": "2020-01-01",
        "is_published": true,
        "product": 89,
        "channel": 2,
        "visible_in_listings": true,
        "available_for_purchase": "2020-08-31",
        "currency": "PLN",
        "discounted_price_amount": null
    }
},
{
    "model": "product.productchannellisting",
    "pk": 51,
    "fields": {
        "publication_date": "2020-01-01",
        "is_published": true,
        "product": 85,
        "channel": 2,
        "visible_in_listings": true,
        "available_for_purchase": "2020-08-31",
        "currency": "PLN",
        "discounted_price_amount": null
    }
},
{
    "model": "product.productchannellisting",
    "pk": 52,
    "fields": {
        "publication_date": "2020-01-01",
        "is_published": true,
        "product": 78,
        "channel": 2,
        "visible_in_listings": true,
        "available_for_purchase": "2020-08-31",
        "currency": "PLN",
        "discounted_price_amount": null
    }
},
{
    "model": "product.productchannellisting",
    "pk": 53,
    "fields": {
        "publication_date": "2020-01-01",
        "is_published": true,
        "product": 65,
        "channel": 2,
        "visible_in_listings": true,
        "available_for_purchase": "2021-08-31",
        "currency": "PLN",
        "discounted_price_amount": null
    }
},
{
    "model": "product.productchannellisting",
    "pk": 54,
    "fields": {
        "publication_date": "2020-01-01",
        "is_published": true,
        "product": 123,
        "channel": 2,
        "visible_in_listings": false,
        "available_for_purchase": "2020-08-31",
        "currency": "PLN",
        "discounted_price_amount": null
    }
},
{
    "model": "product.productchannellisting",
    "pk": 55,
    "fields": {
        "publication_date": "2020-01-01",
        "is_published": true,
        "product": 120,
        "channel": 2,
        "visible_in_listings": true,
        "available_for_purchase": "2020-08-31",
        "currency": "PLN",
        "discounted_price_amount": null
    }
},
{
    "model": "product.productchannellisting",
    "pk": 56,
    "fields": {
        "publication_date": "2020-01-01",
        "is_published": true,
        "product": 64,
        "channel": 2,
        "visible_in_listings": true,
        "available_for_purchase": "2021-08-31",
        "currency": "PLN",
        "discounted_price_amount": null
    }
},
{
    "model": "product.productchannellisting",
    "pk": 57,
    "fields": {
        "publication_date": "2020-01-01",
        "is_published": true,
        "product": 117,
        "channel": 2,
        "visible_in_listings": true,
        "available_for_purchase": "2020-08-31",
        "currency": "PLN",
        "discounted_price_amount": null
    }
},
{
    "model": "product.productchannellisting",
    "pk": 58,
    "fields": {
        "publication_date": "2020-01-01",
        "is_published": true,
        "product": 61,
        "channel": 2,
        "visible_in_listings": true,
        "available_for_purchase": "2020-08-31",
        "currency": "PLN",
        "discounted_price_amount": null
    }
},
{
    "model": "product.productchannellisting",
    "pk": 59,
    "fields": {
        "publication_date": "2020-01-01",
        "is_published": true,
        "product": 121,
        "channel": 2,
        "visible_in_listings": false,
        "available_for_purchase": "2020-08-31",
        "currency": "PLN",
        "discounted_price_amount": null
    }
},
{
    "model": "product.productchannellisting",
    "pk": 60,
    "fields": {
        "publication_date": "2020-01-01",
        "is_published": true,
        "product": 71,
        "channel": 2,
        "visible_in_listings": true,
        "available_for_purchase": "2020-08-31",
        "currency": "PLN",
        "discounted_price_amount": null
    }
},
{
    "model": "product.productchannellisting",
    "pk": 61,
    "fields": {
        "publication_date": "2020-01-01",
        "is_published": true,
        "product": 75,
        "channel": 2,
        "visible_in_listings": true,
        "available_for_purchase": "2020-08-31",
        "currency": "PLN",
        "discounted_price_amount": null
    }
},
{
    "model": "product.productchannellisting",
    "pk": 62,
    "fields": {
        "publication_date": "2020-01-01",
        "is_published": true,
        "product": 107,
        "channel": 2,
        "visible_in_listings": true,
        "available_for_purchase": "2020-08-31",
        "currency": "PLN",
        "discounted_price_amount": null
    }
},
{
    "model": "product.productchannellisting",
    "pk": 63,
    "fields": {
        "publication_date": "2020-01-01",
        "is_published": true,
        "product": 108,
        "channel": 2,
        "visible_in_listings": true,
        "available_for_purchase": "2020-08-31",
        "currency": "PLN",
        "discounted_price_amount": null
    }
},
{
    "model": "product.productchannellisting",
    "pk": 64,
    "fields": {
        "publication_date": "2020-01-01",
        "is_published": true,
        "product": 109,
        "channel": 2,
        "visible_in_listings": true,
        "available_for_purchase": "2020-08-31",
        "currency": "PLN",
        "discounted_price_amount": null
    }
},
{
    "model": "product.productchannellisting",
    "pk": 65,
    "fields": {
        "publication_date": "2020-01-01",
        "is_published": true,
        "product": 110,
        "channel": 2,
        "visible_in_listings": true,
        "available_for_purchase": "2020-08-31",
        "currency": "PLN",
        "discounted_price_amount": null
    }
},
{
    "model": "product.productchannellisting",
    "pk": 66,
    "fields": {
        "publication_date": "2020-01-01",
        "is_published": true,
        "product": 77,
        "channel": 2,
        "visible_in_listings": true,
        "available_for_purchase": "2020-08-31",
        "currency": "PLN",
        "discounted_price_amount": null
    }
},
{
    "model": "product.productchannellisting",
    "pk": 67,
    "fields": {
        "publication_date": "2020-01-01",
        "is_published": true,
        "product": 63,
        "channel": 2,
        "visible_in_listings": true,
        "available_for_purchase": "2021-08-31",
        "currency": "PLN",
        "discounted_price_amount": null
    }
},
{
    "model": "product.productchannellisting",
    "pk": 68,
    "fields": {
        "publication_date": "2020-01-01",
        "is_published": true,
        "product": 81,
        "channel": 2,
        "visible_in_listings": false,
        "available_for_purchase": "2020-08-31",
        "currency": "PLN",
        "discounted_price_amount": null
    }
},
{
    "model": "product.productchannellisting",
    "pk": 69,
    "fields": {
        "publication_date": "2020-01-01",
        "is_published": true,
        "product": 119,
        "channel": 2,
        "visible_in_listings": false,
        "available_for_purchase": "2020-08-31",
        "currency": "PLN",
        "discounted_price_amount": null
    }
},
{
    "model": "product.productchannellisting",
    "pk": 70,
    "fields": {
        "publication_date": "2020-01-01",
        "is_published": false,
        "product": 84,
        "channel": 2,
        "visible_in_listings": true,
        "available_for_purchase": "2020-08-31",
        "currency": "PLN",
        "discounted_price_amount": null
    }
},
{
    "model": "product.productchannellisting",
    "pk": 71,
    "fields": {
        "publication_date": "2020-01-01",
        "is_published": false,
        "product": 83,
        "channel": 2,
        "visible_in_listings": false,
        "available_for_purchase": "2020-08-31",
        "currency": "PLN",
        "discounted_price_amount": null
    }
},
{
    "model": "product.productvariant",
    "pk": 171,
    "fields": {
        "sort_order": null,
        "private_metadata": {},
        "metadata": {},
        "sku": "546451996",
        "name": "1l",
        "product": 61,
        "track_inventory": true,
        "weight": "1000.0:g"
    }
},
{
    "model": "product.productvariant",
    "pk": 172,
    "fields": {
        "sort_order": null,
        "private_metadata": {},
        "metadata": {},
        "sku": "546451997",
        "name": "2.5l",
        "product": 61,
        "track_inventory": true,
        "weight": "2500.0:g"
    }
},
{
    "model": "product.productvariant",
    "pk": 173,
    "fields": {
        "sort_order": null,
        "private_metadata": {},
        "metadata": {},
        "sku": "546451999",
        "name": "5l",
        "product": 61,
        "track_inventory": true,
        "weight": "5000.0:g"
    }
},
{
    "model": "product.productvariant",
    "pk": 174,
    "fields": {
        "sort_order": null,
        "private_metadata": {},
        "metadata": {},
        "sku": "998223591",
        "name": "1l",
        "product": 62,
        "track_inventory": true,
        "weight": "1000.0:g"
    }
},
{
    "model": "product.productvariant",
    "pk": 175,
    "fields": {
        "sort_order": null,
        "private_metadata": {},
        "metadata": {},
        "sku": "998223599",
        "name": "2.5l",
        "product": 62,
        "track_inventory": true,
        "weight": "0.0:g"
    }
},
{
    "model": "product.productvariant",
    "pk": 176,
    "fields": {
        "sort_order": null,
        "private_metadata": {},
        "metadata": {},
        "sku": "998223594",
        "name": "5l",
        "product": 62,
        "track_inventory": true,
        "weight": "0.0:g"
    }
},
{
    "model": "product.productvariant",
    "pk": 177,
    "fields": {
        "sort_order": null,
        "private_metadata": {},
        "metadata": {},
        "sku": "998223582",
        "name": "1l",
        "product": 63,
        "track_inventory": true,
        "weight": "1000.0:g"
    }
},
{
    "model": "product.productvariant",
    "pk": 178,
    "fields": {
        "sort_order": null,
        "private_metadata": {},
        "metadata": {},
        "sku": "998223583",
        "name": "2.5l",
        "product": 63,
        "track_inventory": true,
        "weight": "2500.0:g"
    }
},
{
    "model": "product.productvariant",
    "pk": 179,
    "fields": {
        "sort_order": null,
        "private_metadata": {},
        "metadata": {},
        "sku": "998223584",
        "name": "5l",
        "product": 63,
        "track_inventory": true,
        "weight": "5000.0:g"
    }
},
{
    "model": "product.productvariant",
    "pk": 180,
    "fields": {
        "sort_order": null,
        "private_metadata": {},
        "metadata": {},
        "sku": "998323582",
        "name": "1l",
        "product": 64,
        "track_inventory": true,
        "weight": "1000.0:g"
    }
},
{
    "model": "product.productvariant",
    "pk": 181,
    "fields": {
        "sort_order": null,
        "private_metadata": {},
        "metadata": {},
        "sku": "998323583",
        "name": "2.5l",
        "product": 64,
        "track_inventory": true,
        "weight": "2500.0:g"
    }
},
{
    "model": "product.productvariant",
    "pk": 182,
    "fields": {
        "sort_order": null,
        "private_metadata": {},
        "metadata": {},
        "sku": "998323584",
        "name": "5l",
        "product": 64,
        "track_inventory": true,
        "weight": "5000.0:g"
    }
},
{
    "model": "product.productvariant",
    "pk": 183,
    "fields": {
        "sort_order": null,
        "private_metadata": {},
        "metadata": {},
        "sku": "998423582",
        "name": "1l",
        "product": 65,
        "track_inventory": true,
        "weight": "1000.0:g"
    }
},
{
    "model": "product.productvariant",
    "pk": 184,
    "fields": {
        "sort_order": null,
        "private_metadata": {},
        "metadata": {},
        "sku": "998423583",
        "name": "2.5l",
        "product": 65,
        "track_inventory": true,
        "weight": "2500.0:g"
    }
},
{
    "model": "product.productvariant",
    "pk": 185,
    "fields": {
        "sort_order": null,
        "private_metadata": {},
        "metadata": {},
        "sku": "998423585",
        "name": "5l",
        "product": 65,
        "track_inventory": true,
        "weight": "5000.0:g"
    }
},
{
    "model": "product.productvariant",
    "pk": 190,
    "fields": {
        "sort_order": null,
        "private_metadata": {},
        "metadata": {},
        "sku": "988323582",
        "name": "500ml",
        "product": 71,
        "track_inventory": true,
        "weight": "1000.0:g"
    }
},
{
    "model": "product.productvariant",
    "pk": 191,
    "fields": {
        "sort_order": null,
        "private_metadata": {},
        "metadata": {},
        "sku": "938323582",
        "name": "1l",
        "product": 71,
        "track_inventory": true,
        "weight": "1000.0:g"
    }
},
{
    "model": "product.productvariant",
    "pk": 192,
    "fields": {
        "sort_order": null,
        "private_metadata": {},
        "metadata": {},
        "sku": "988323522",
        "name": "2l",
        "product": 71,
        "track_inventory": true,
        "weight": "2000.0:g"
    }
},
{
    "model": "product.productvariant",
    "pk": 193,
    "fields": {
        "sort_order": null,
        "private_metadata": {},
        "metadata": {},
        "sku": "12312312321",
        "name": "",
        "product": 81,
        "track_inventory": true,
        "weight": "0.0:g"
    }
},
{
    "model": "product.productvariant",
    "pk": 194,
    "fields": {
        "sort_order": null,
        "private_metadata": {},
        "metadata": {},
        "sku": "1231998121",
        "name": "",
        "product": 82,
        "track_inventory": true,
        "weight": "0.0:g"
    }
},
{
    "model": "product.productvariant",
    "pk": 195,
    "fields": {
        "sort_order": null,
        "private_metadata": {},
        "metadata": {},
        "sku": "98616712",
        "name": "",
        "product": 83,
        "track_inventory": true,
        "weight": "0.0:g"
    }
},
{
    "model": "product.productvariant",
    "pk": 196,
    "fields": {
        "sort_order": null,
        "private_metadata": {},
        "metadata": {},
        "sku": "98616713",
        "name": "",
        "product": 84,
        "track_inventory": true,
        "weight": "0.0:g"
    }
},
{
    "model": "product.productvariant",
    "pk": 197,
    "fields": {
        "sort_order": null,
        "private_metadata": {},
        "metadata": {},
        "sku": "698223582",
        "name": "45cm x 45cm",
        "product": 85,
        "track_inventory": true,
        "weight": "0.0:g"
    }
},
{
    "model": "product.productvariant",
    "pk": 198,
    "fields": {
        "sort_order": null,
        "private_metadata": {},
        "metadata": {},
        "sku": "698223581",
        "name": "55cm x 55cm",
        "product": 85,
        "track_inventory": true,
        "weight": "0.0:g"
    }
},
{
    "model": "product.productvariant",
    "pk": 199,
    "fields": {
        "sort_order": null,
        "private_metadata": {},
        "metadata": {},
        "sku": "987126191",
        "name": "45cm x 45cm",
        "product": 86,
        "track_inventory": true,
        "weight": "0.0:g"
    }
},
{
    "model": "product.productvariant",
    "pk": 200,
    "fields": {
        "sort_order": null,
        "private_metadata": {},
        "metadata": {},
        "sku": "998223590",
        "name": "55cm x 55cm",
        "product": 86,
        "track_inventory": true,
        "weight": "0.0:g"
    }
},
{
    "model": "product.productvariant",
    "pk": 202,
    "fields": {
        "sort_order": null,
        "private_metadata": {},
        "metadata": {},
        "sku": "93855755",
        "name": "500ml",
        "product": 72,
        "track_inventory": true,
        "weight": "1000.0:g"
    }
},
{
    "model": "product.productvariant",
    "pk": 203,
    "fields": {
        "sort_order": null,
        "private_metadata": {},
        "metadata": {},
        "sku": "43226647",
        "name": "1l",
        "product": 72,
        "track_inventory": true,
        "weight": "1000.0:g"
    }
},
{
    "model": "product.productvariant",
    "pk": 204,
    "fields": {
        "sort_order": null,
        "private_metadata": {},
        "metadata": {},
        "sku": "80884671",
        "name": "2l",
        "product": 72,
        "track_inventory": true,
        "weight": "2000.0:g"
    }
},
{
    "model": "product.productvariant",
    "pk": 205,
    "fields": {
        "sort_order": null,
        "private_metadata": {},
        "metadata": {},
        "sku": "67882967",
        "name": "500ml",
        "product": 73,
        "track_inventory": true,
        "weight": "1000.0:g"
    }
},
{
    "model": "product.productvariant",
    "pk": 206,
    "fields": {
        "sort_order": null,
        "private_metadata": {},
        "metadata": {},
        "sku": "14925419",
        "name": "1l",
        "product": 73,
        "track_inventory": true,
        "weight": "1000.0:g"
    }
},
{
    "model": "product.productvariant",
    "pk": 207,
    "fields": {
        "sort_order": null,
        "private_metadata": {},
        "metadata": {},
        "sku": "62426105",
        "name": "2l",
        "product": 73,
        "track_inventory": true,
        "weight": "2000.0:g"
    }
},
{
    "model": "product.productvariant",
    "pk": 208,
    "fields": {
        "sort_order": null,
        "private_metadata": {},
        "metadata": {},
        "sku": "45328412",
        "name": "500ml",
        "product": 74,
        "track_inventory": true,
        "weight": "1000.0:g"
    }
},
{
    "model": "product.productvariant",
    "pk": 209,
    "fields": {
        "sort_order": null,
        "private_metadata": {},
        "metadata": {},
        "sku": "27512590",
        "name": "1l",
        "product": 74,
        "track_inventory": true,
        "weight": "1000.0:g"
    }
},
{
    "model": "product.productvariant",
    "pk": 210,
    "fields": {
        "sort_order": null,
        "private_metadata": {},
        "metadata": {},
        "sku": "40636347",
        "name": "2l",
        "product": 74,
        "track_inventory": true,
        "weight": "2000.0:g"
    }
},
{
    "model": "product.productvariant",
    "pk": 211,
    "fields": {
        "sort_order": null,
        "private_metadata": {},
        "metadata": {},
        "sku": "43200242",
        "name": "500ml",
        "product": 75,
        "track_inventory": true,
        "weight": "1000.0:g"
    }
},
{
    "model": "product.productvariant",
    "pk": 212,
    "fields": {
        "sort_order": null,
        "private_metadata": {},
        "metadata": {},
        "sku": "79129513",
        "name": "1l",
        "product": 75,
        "track_inventory": true,
        "weight": "1000.0:g"
    }
},
{
    "model": "product.productvariant",
    "pk": 213,
    "fields": {
        "sort_order": null,
        "private_metadata": {},
        "metadata": {},
        "sku": "75799450",
        "name": "2l",
        "product": 75,
        "track_inventory": true,
        "weight": "2000.0:g"
    }
},
{
    "model": "product.productvariant",
    "pk": 214,
    "fields": {
        "sort_order": null,
        "private_metadata": {},
        "metadata": {},
        "sku": "3944859",
        "name": "500ml",
        "product": 76,
        "track_inventory": true,
        "weight": "1000.0:g"
    }
},
{
    "model": "product.productvariant",
    "pk": 215,
    "fields": {
        "sort_order": null,
        "private_metadata": {},
        "metadata": {},
        "sku": "5829405",
        "name": "1l",
        "product": 76,
        "track_inventory": true,
        "weight": "1000.0:g"
    }
},
{
    "model": "product.productvariant",
    "pk": 216,
    "fields": {
        "sort_order": null,
        "private_metadata": {},
        "metadata": {},
        "sku": "84725784",
        "name": "2l",
        "product": 76,
        "track_inventory": true,
        "weight": "2000.0:g"
    }
},
{
    "model": "product.productvariant",
    "pk": 217,
    "fields": {
        "sort_order": null,
        "private_metadata": {},
        "metadata": {},
        "sku": "70058446",
        "name": "500ml",
        "product": 77,
        "track_inventory": true,
        "weight": "1000.0:g"
    }
},
{
    "model": "product.productvariant",
    "pk": 218,
    "fields": {
        "sort_order": null,
        "private_metadata": {},
        "metadata": {},
        "sku": "94044081",
        "name": "1l",
        "product": 77,
        "track_inventory": true,
        "weight": "1000.0:g"
    }
},
{
    "model": "product.productvariant",
    "pk": 219,
    "fields": {
        "sort_order": null,
        "private_metadata": {},
        "metadata": {},
        "sku": "80696397",
        "name": "2l",
        "product": 77,
        "track_inventory": true,
        "weight": "2000.0:g"
    }
},
{
    "model": "product.productvariant",
    "pk": 220,
    "fields": {
        "sort_order": null,
        "private_metadata": {},
        "metadata": {},
        "sku": "60752428",
        "name": "500ml",
        "product": 78,
        "track_inventory": true,
        "weight": "1000.0:g"
    }
},
{
    "model": "product.productvariant",
    "pk": 221,
    "fields": {
        "sort_order": null,
        "private_metadata": {},
        "metadata": {},
        "sku": "81470859",
        "name": "1l",
        "product": 78,
        "track_inventory": true,
        "weight": "1000.0:g"
    }
},
{
    "model": "product.productvariant",
    "pk": 222,
    "fields": {
        "sort_order": null,
        "private_metadata": {},
        "metadata": {},
        "sku": "30635751",
        "name": "2l",
        "product": 78,
        "track_inventory": true,
        "weight": "2000.0:g"
    }
},
{
    "model": "product.productvariant",
    "pk": 223,
    "fields": {
        "sort_order": null,
        "private_metadata": {},
        "metadata": {},
        "sku": "57211177",
        "name": "500ml",
        "product": 79,
        "track_inventory": true,
        "weight": "1000.0:g"
    }
},
{
    "model": "product.productvariant",
    "pk": 224,
    "fields": {
        "sort_order": null,
        "private_metadata": {},
        "metadata": {},
        "sku": "57423879",
        "name": "1l",
        "product": 79,
        "track_inventory": true,
        "weight": "1000.0:g"
    }
},
{
    "model": "product.productvariant",
    "pk": 225,
    "fields": {
        "sort_order": null,
        "private_metadata": {},
        "metadata": {},
        "sku": "21438542",
        "name": "2l",
        "product": 79,
        "track_inventory": true,
        "weight": "2000.0:g"
    }
},
{
    "model": "product.productvariant",
    "pk": 242,
    "fields": {
        "sort_order": null,
        "private_metadata": {},
        "metadata": {},
        "sku": "398323583",
        "name": "39",
        "product": 87,
        "track_inventory": true,
        "weight": "0.0:g"
    }
},
{
    "model": "product.productvariant",
    "pk": 243,
    "fields": {
        "sort_order": null,
        "private_metadata": {},
        "metadata": {},
        "sku": "398323584",
        "name": "40",
        "product": 87,
        "track_inventory": true,
        "weight": "0.0:g"
    }
},
{
    "model": "product.productvariant",
    "pk": 244,
    "fields": {
        "sort_order": null,
        "private_metadata": {},
        "metadata": {},
        "sku": "398323585",
        "name": "41",
        "product": 87,
        "track_inventory": true,
        "weight": "0.0:g"
    }
},
{
    "model": "product.productvariant",
    "pk": 245,
    "fields": {
        "sort_order": null,
        "private_metadata": {},
        "metadata": {},
        "sku": "398323586",
        "name": "42",
        "product": 87,
        "track_inventory": true,
        "weight": "0.0:g"
    }
},
{
    "model": "product.productvariant",
    "pk": 246,
    "fields": {
        "sort_order": null,
        "private_metadata": {},
        "metadata": {},
        "sku": "398323588",
        "name": "43",
        "product": 87,
        "track_inventory": true,
        "weight": "0.0:g"
    }
},
{
    "model": "product.productvariant",
    "pk": 247,
    "fields": {
        "sort_order": null,
        "private_metadata": {},
        "metadata": {},
        "sku": "993223583",
        "name": "40",
        "product": 88,
        "track_inventory": true,
        "weight": "1000.0:g"
    }
},
{
    "model": "product.productvariant",
    "pk": 248,
    "fields": {
        "sort_order": null,
        "private_metadata": {},
        "metadata": {},
        "sku": "978223582",
        "name": "41",
        "product": 88,
        "track_inventory": true,
        "weight": "1000.0:g"
    }
},
{
    "model": "product.productvariant",
    "pk": 249,
    "fields": {
        "sort_order": null,
        "private_metadata": {},
        "metadata": {},
        "sku": "918323583",
        "name": "40",
        "product": 88,
        "track_inventory": true,
        "weight": "2000.0:g"
    }
},
{
    "model": "product.productvariant",
    "pk": 250,
    "fields": {
        "sort_order": null,
        "private_metadata": {},
        "metadata": {},
        "sku": "918223582",
        "name": "45",
        "product": 88,
        "track_inventory": true,
        "weight": "2000.0:g"
    }
},
{
    "model": "product.productvariant",
    "pk": 251,
    "fields": {
        "sort_order": null,
        "private_metadata": {},
        "metadata": {},
        "sku": "988323583",
        "name": "S",
        "product": 89,
        "track_inventory": true,
        "weight": "0.0:g"
    }
},
{
    "model": "product.productvariant",
    "pk": 252,
    "fields": {
        "sort_order": null,
        "private_metadata": {},
        "metadata": {},
        "sku": "338223582",
        "name": "M",
        "product": 89,
        "track_inventory": true,
        "weight": "0.0:g"
    }
},
{
    "model": "product.productvariant",
    "pk": 253,
    "fields": {
        "sort_order": null,
        "private_metadata": {},
        "metadata": {},
        "sku": "118223591",
        "name": "L",
        "product": 89,
        "track_inventory": true,
        "weight": "0.0:g"
    }
},
{
    "model": "product.productvariant",
    "pk": 254,
    "fields": {
        "sort_order": null,
        "private_metadata": {},
        "metadata": {},
        "sku": "448323583",
        "name": "XL",
        "product": 89,
        "track_inventory": true,
        "weight": "0.0:g"
    }
},
{
    "model": "product.productvariant",
    "pk": 255,
    "fields": {
        "sort_order": null,
        "private_metadata": {},
        "metadata": {},
        "sku": "3128223583",
        "name": "XXL",
        "product": 89,
        "track_inventory": true,
        "weight": "0.0:g"
    }
},
{
    "model": "product.productvariant",
    "pk": 256,
    "fields": {
        "sort_order": null,
        "private_metadata": {},
        "metadata": {},
        "sku": "29716755",
        "name": "S",
        "product": 107,
        "track_inventory": true,
        "weight": "0.0:g"
    }
},
{
    "model": "product.productvariant",
    "pk": 257,
    "fields": {
        "sort_order": null,
        "private_metadata": {},
        "metadata": {},
        "sku": "66594736",
        "name": "M",
        "product": 107,
        "track_inventory": true,
        "weight": "0.0:g"
    }
},
{
    "model": "product.productvariant",
    "pk": 258,
    "fields": {
        "sort_order": null,
        "private_metadata": {},
        "metadata": {},
        "sku": "50269944",
        "name": "L",
        "product": 107,
        "track_inventory": true,
        "weight": "0.0:g"
    }
},
{
    "model": "product.productvariant",
    "pk": 259,
    "fields": {
        "sort_order": null,
        "private_metadata": {},
        "metadata": {},
        "sku": "31352185",
        "name": "XL",
        "product": 107,
        "track_inventory": true,
        "weight": "0.0:g"
    }
},
{
    "model": "product.productvariant",
    "pk": 260,
    "fields": {
        "sort_order": null,
        "private_metadata": {},
        "metadata": {},
        "sku": "85364796",
        "name": "XXL",
        "product": 107,
        "track_inventory": true,
        "weight": "0.0:g"
    }
},
{
    "model": "product.productvariant",
    "pk": 261,
    "fields": {
        "sort_order": null,
        "private_metadata": {},
        "metadata": {},
        "sku": "44026421",
        "name": "S",
        "product": 108,
        "track_inventory": true,
        "weight": "0.0:g"
    }
},
{
    "model": "product.productvariant",
    "pk": 262,
    "fields": {
        "sort_order": null,
        "private_metadata": {},
        "metadata": {},
        "sku": "90892602",
        "name": "M",
        "product": 108,
        "track_inventory": true,
        "weight": "0.0:g"
    }
},
{
    "model": "product.productvariant",
    "pk": 263,
    "fields": {
        "sort_order": null,
        "private_metadata": {},
        "metadata": {},
        "sku": "59014392",
        "name": "L",
        "product": 108,
        "track_inventory": true,
        "weight": "0.0:g"
    }
},
{
    "model": "product.productvariant",
    "pk": 264,
    "fields": {
        "sort_order": null,
        "private_metadata": {},
        "metadata": {},
        "sku": "43659438",
        "name": "XL",
        "product": 108,
        "track_inventory": true,
        "weight": "0.0:g"
    }
},
{
    "model": "product.productvariant",
    "pk": 265,
    "fields": {
        "sort_order": null,
        "private_metadata": {},
        "metadata": {},
        "sku": "60597697",
        "name": "XXL",
        "product": 108,
        "track_inventory": true,
        "weight": "0.0:g"
    }
},
{
    "model": "product.productvariant",
    "pk": 266,
    "fields": {
        "sort_order": null,
        "private_metadata": {},
        "metadata": {},
        "sku": "26592266",
        "name": "S",
        "product": 109,
        "track_inventory": true,
        "weight": "0.0:g"
    }
},
{
    "model": "product.productvariant",
    "pk": 267,
    "fields": {
        "sort_order": null,
        "private_metadata": {},
        "metadata": {},
        "sku": "36260498",
        "name": "M",
        "product": 109,
        "track_inventory": true,
        "weight": "0.0:g"
    }
},
{
    "model": "product.productvariant",
    "pk": 268,
    "fields": {
        "sort_order": null,
        "private_metadata": {},
        "metadata": {},
        "sku": "37558859",
        "name": "L",
        "product": 109,
        "track_inventory": true,
        "weight": "0.0:g"
    }
},
{
    "model": "product.productvariant",
    "pk": 269,
    "fields": {
        "sort_order": null,
        "private_metadata": {},
        "metadata": {},
        "sku": "19402012",
        "name": "XL",
        "product": 109,
        "track_inventory": true,
        "weight": "0.0:g"
    }
},
{
    "model": "product.productvariant",
    "pk": 270,
    "fields": {
        "sort_order": null,
        "private_metadata": {},
        "metadata": {},
        "sku": "17570141",
        "name": "XXL",
        "product": 109,
        "track_inventory": true,
        "weight": "0.0:g"
    }
},
{
    "model": "product.productvariant",
    "pk": 271,
    "fields": {
        "sort_order": null,
        "private_metadata": {},
        "metadata": {},
        "sku": "98530976",
        "name": "S",
        "product": 110,
        "track_inventory": true,
        "weight": "0.0:g"
    }
},
{
    "model": "product.productvariant",
    "pk": 272,
    "fields": {
        "sort_order": null,
        "private_metadata": {},
        "metadata": {},
        "sku": "46806935",
        "name": "M",
        "product": 110,
        "track_inventory": true,
        "weight": "0.0:g"
    }
},
{
    "model": "product.productvariant",
    "pk": 273,
    "fields": {
        "sort_order": null,
        "private_metadata": {},
        "metadata": {},
        "sku": "71103052",
        "name": "L",
        "product": 110,
        "track_inventory": true,
        "weight": "0.0:g"
    }
},
{
    "model": "product.productvariant",
    "pk": 274,
    "fields": {
        "sort_order": null,
        "private_metadata": {},
        "metadata": {},
        "sku": "84812015",
        "name": "XL",
        "product": 110,
        "track_inventory": true,
        "weight": "0.0:g"
    }
},
{
    "model": "product.productvariant",
    "pk": 275,
    "fields": {
        "sort_order": null,
        "private_metadata": {},
        "metadata": {},
        "sku": "89820261",
        "name": "XXL",
        "product": 110,
        "track_inventory": true,
        "weight": "0.0:g"
    }
},
{
    "model": "product.productvariant",
    "pk": 276,
    "fields": {
        "sort_order": null,
        "private_metadata": {},
        "metadata": {},
        "sku": "81115323",
        "name": "S",
        "product": 111,
        "track_inventory": true,
        "weight": "0.0:g"
    }
},
{
    "model": "product.productvariant",
    "pk": 277,
    "fields": {
        "sort_order": null,
        "private_metadata": {},
        "metadata": {},
        "sku": "38254631",
        "name": "M",
        "product": 111,
        "track_inventory": true,
        "weight": "0.0:g"
    }
},
{
    "model": "product.productvariant",
    "pk": 278,
    "fields": {
        "sort_order": null,
        "private_metadata": {},
        "metadata": {},
        "sku": "11511539",
        "name": "L",
        "product": 111,
        "track_inventory": true,
        "weight": "0.0:g"
    }
},
{
    "model": "product.productvariant",
    "pk": 279,
    "fields": {
        "sort_order": null,
        "private_metadata": {},
        "metadata": {},
        "sku": "84192227",
        "name": "XL",
        "product": 111,
        "track_inventory": true,
        "weight": "0.0:g"
    }
},
{
    "model": "product.productvariant",
    "pk": 280,
    "fields": {
        "sort_order": null,
        "private_metadata": {},
        "metadata": {},
        "sku": "91642659",
        "name": "XXL",
        "product": 111,
        "track_inventory": true,
        "weight": "0.0:g"
    }
},
{
    "model": "product.productvariant",
    "pk": 281,
    "fields": {
        "sort_order": null,
        "private_metadata": {},
        "metadata": {},
        "sku": "76491340",
        "name": "S",
        "product": 112,
        "track_inventory": true,
        "weight": "0.0:g"
    }
},
{
    "model": "product.productvariant",
    "pk": 282,
    "fields": {
        "sort_order": null,
        "private_metadata": {},
        "metadata": {},
        "sku": "55101176",
        "name": "M",
        "product": 112,
        "track_inventory": true,
        "weight": "0.0:g"
    }
},
{
    "model": "product.productvariant",
    "pk": 283,
    "fields": {
        "sort_order": null,
        "private_metadata": {},
        "metadata": {},
        "sku": "28094954",
        "name": "L",
        "product": 112,
        "track_inventory": true,
        "weight": "0.0:g"
    }
},
{
    "model": "product.productvariant",
    "pk": 284,
    "fields": {
        "sort_order": null,
        "private_metadata": {},
        "metadata": {},
        "sku": "40232182",
        "name": "XL",
        "product": 112,
        "track_inventory": true,
        "weight": "0.0:g"
    }
},
{
    "model": "product.productvariant",
    "pk": 285,
    "fields": {
        "sort_order": null,
        "private_metadata": {},
        "metadata": {},
        "sku": "21522631",
        "name": "XXL",
        "product": 112,
        "track_inventory": true,
        "weight": "0.0:g"
    }
},
{
    "model": "product.productvariant",
    "pk": 286,
    "fields": {
        "sort_order": null,
        "private_metadata": {},
        "metadata": {},
        "sku": "29810068",
        "name": "S",
        "product": 113,
        "track_inventory": true,
        "weight": "0.0:g"
    }
},
{
    "model": "product.productvariant",
    "pk": 287,
    "fields": {
        "sort_order": null,
        "private_metadata": {},
        "metadata": {},
        "sku": "57917658",
        "name": "M",
        "product": 113,
        "track_inventory": true,
        "weight": "0.0:g"
    }
},
{
    "model": "product.productvariant",
    "pk": 288,
    "fields": {
        "sort_order": null,
        "private_metadata": {},
        "metadata": {},
        "sku": "42680611",
        "name": "L",
        "product": 113,
        "track_inventory": true,
        "weight": "0.0:g"
    }
},
{
    "model": "product.productvariant",
    "pk": 289,
    "fields": {
        "sort_order": null,
        "private_metadata": {},
        "metadata": {},
        "sku": "72289815",
        "name": "XL",
        "product": 113,
        "track_inventory": true,
        "weight": "0.0:g"
    }
},
{
    "model": "product.productvariant",
    "pk": 290,
    "fields": {
        "sort_order": null,
        "private_metadata": {},
        "metadata": {},
        "sku": "98653891",
        "name": "XXL",
        "product": 113,
        "track_inventory": true,
        "weight": "0.0:g"
    }
},
{
    "model": "product.productvariant",
    "pk": 291,
    "fields": {
        "sort_order": null,
        "private_metadata": {},
        "metadata": {},
        "sku": "77306807",
        "name": "S",
        "product": 114,
        "track_inventory": true,
        "weight": "0.0:g"
    }
},
{
    "model": "product.productvariant",
    "pk": 292,
    "fields": {
        "sort_order": null,
        "private_metadata": {},
        "metadata": {},
        "sku": "68848129",
        "name": "M",
        "product": 114,
        "track_inventory": true,
        "weight": "0.0:g"
    }
},
{
    "model": "product.productvariant",
    "pk": 293,
    "fields": {
        "sort_order": null,
        "private_metadata": {},
        "metadata": {},
        "sku": "35342696",
        "name": "L",
        "product": 114,
        "track_inventory": true,
        "weight": "0.0:g"
    }
},
{
    "model": "product.productvariant",
    "pk": 294,
    "fields": {
        "sort_order": null,
        "private_metadata": {},
        "metadata": {},
        "sku": "98935349",
        "name": "XL",
        "product": 114,
        "track_inventory": true,
        "weight": "0.0:g"
    }
},
{
    "model": "product.productvariant",
    "pk": 295,
    "fields": {
        "sort_order": null,
        "private_metadata": {},
        "metadata": {},
        "sku": "45179543",
        "name": "XXL",
        "product": 114,
        "track_inventory": true,
        "weight": "0.0:g"
    }
},
{
    "model": "product.productvariant",
    "pk": 296,
    "fields": {
        "sort_order": null,
        "private_metadata": {},
        "metadata": {},
        "sku": "62783187",
        "name": "S",
        "product": 115,
        "track_inventory": true,
        "weight": "0.0:g"
    }
},
{
    "model": "product.productvariant",
    "pk": 297,
    "fields": {
        "sort_order": null,
        "private_metadata": {},
        "metadata": {},
        "sku": "91406604",
        "name": "M",
        "product": 115,
        "track_inventory": true,
        "weight": "0.0:g"
    }
},
{
    "model": "product.productvariant",
    "pk": 298,
    "fields": {
        "sort_order": null,
        "private_metadata": {},
        "metadata": {},
        "sku": "22119503",
        "name": "L",
        "product": 115,
        "track_inventory": true,
        "weight": "0.0:g"
    }
},
{
    "model": "product.productvariant",
    "pk": 299,
    "fields": {
        "sort_order": null,
        "private_metadata": {},
        "metadata": {},
        "sku": "19230637",
        "name": "XL",
        "product": 115,
        "track_inventory": true,
        "weight": "0.0:g"
    }
},
{
    "model": "product.productvariant",
    "pk": 300,
    "fields": {
        "sort_order": null,
        "private_metadata": {},
        "metadata": {},
        "sku": "61630747",
        "name": "XXL",
        "product": 115,
        "track_inventory": true,
        "weight": "0.0:g"
    }
},
{
    "model": "product.productvariant",
    "pk": 301,
    "fields": {
        "sort_order": null,
        "private_metadata": {},
        "metadata": {},
        "sku": "15744278",
        "name": "S",
        "product": 116,
        "track_inventory": true,
        "weight": "0.0:g"
    }
},
{
    "model": "product.productvariant",
    "pk": 302,
    "fields": {
        "sort_order": null,
        "private_metadata": {},
        "metadata": {},
        "sku": "21599567",
        "name": "M",
        "product": 116,
        "track_inventory": true,
        "weight": "0.0:g"
    }
},
{
    "model": "product.productvariant",
    "pk": 303,
    "fields": {
        "sort_order": null,
        "private_metadata": {},
        "metadata": {},
        "sku": "65363253",
        "name": "L",
        "product": 116,
        "track_inventory": true,
        "weight": "0.0:g"
    }
},
{
    "model": "product.productvariant",
    "pk": 304,
    "fields": {
        "sort_order": null,
        "private_metadata": {},
        "metadata": {},
        "sku": "51987722",
        "name": "XL",
        "product": 116,
        "track_inventory": true,
        "weight": "0.0:g"
    }
},
{
    "model": "product.productvariant",
    "pk": 305,
    "fields": {
        "sort_order": null,
        "private_metadata": {},
        "metadata": {},
        "sku": "43313080",
        "name": "XXL",
        "product": 116,
        "track_inventory": true,
        "weight": "0.0:g"
    }
},
{
    "model": "product.productvariant",
    "pk": 306,
    "fields": {
        "sort_order": null,
        "private_metadata": {},
        "metadata": {},
        "sku": "33963052",
        "name": "S",
        "product": 117,
        "track_inventory": true,
        "weight": "0.0:g"
    }
},
{
    "model": "product.productvariant",
    "pk": 307,
    "fields": {
        "sort_order": null,
        "private_metadata": {},
        "metadata": {},
        "sku": "66846240",
        "name": "M",
        "product": 117,
        "track_inventory": true,
        "weight": "0.0:g"
    }
},
{
    "model": "product.productvariant",
    "pk": 308,
    "fields": {
        "sort_order": null,
        "private_metadata": {},
        "metadata": {},
        "sku": "55365141",
        "name": "L",
        "product": 117,
        "track_inventory": true,
        "weight": "0.0:g"
    }
},
{
    "model": "product.productvariant",
    "pk": 309,
    "fields": {
        "sort_order": null,
        "private_metadata": {},
        "metadata": {},
        "sku": "73186143",
        "name": "XL",
        "product": 117,
        "track_inventory": true,
        "weight": "0.0:g"
    }
},
{
    "model": "product.productvariant",
    "pk": 310,
    "fields": {
        "sort_order": null,
        "private_metadata": {},
        "metadata": {},
        "sku": "42651772",
        "name": "XXL",
        "product": 117,
        "track_inventory": true,
        "weight": "0.0:g"
    }
},
{
    "model": "product.productvariant",
    "pk": 311,
    "fields": {
        "sort_order": null,
        "private_metadata": {},
        "metadata": {},
        "sku": "70760297",
        "name": "S",
        "product": 118,
        "track_inventory": true,
        "weight": "0.0:g"
    }
},
{
    "model": "product.productvariant",
    "pk": 312,
    "fields": {
        "sort_order": null,
        "private_metadata": {},
        "metadata": {},
        "sku": "36334412",
        "name": "M",
        "product": 118,
        "track_inventory": true,
        "weight": "0.0:g"
    }
},
{
    "model": "product.productvariant",
    "pk": 313,
    "fields": {
        "sort_order": null,
        "private_metadata": {},
        "metadata": {},
        "sku": "35994675",
        "name": "L",
        "product": 118,
        "track_inventory": true,
        "weight": "0.0:g"
    }
},
{
    "model": "product.productvariant",
    "pk": 314,
    "fields": {
        "sort_order": null,
        "private_metadata": {},
        "metadata": {},
        "sku": "10404946",
        "name": "XL",
        "product": 118,
        "track_inventory": true,
        "weight": "0.0:g"
    }
},
{
    "model": "product.productvariant",
    "pk": 315,
    "fields": {
        "sort_order": null,
        "private_metadata": {},
        "metadata": {},
        "sku": "45507483",
        "name": "XXL",
        "product": 118,
        "track_inventory": true,
        "weight": "0.0:g"
    }
},
{
    "model": "product.productvariant",
    "pk": 316,
    "fields": {
        "sort_order": null,
        "private_metadata": {},
        "metadata": {},
        "sku": "sea-lullabies-mp3",
        "name": "MP3",
        "product": 119,
        "track_inventory": true,
        "weight": "0.0:g"
    }
},
{
    "model": "product.productvariant",
    "pk": 317,
    "fields": {
        "sort_order": null,
        "private_metadata": {},
        "metadata": {},
        "sku": "lake-tunes-cd",
        "name": "CD / Signed: Yes",
        "product": 120,
        "track_inventory": true,
        "weight": "0.0:g"
    }
},
{
    "model": "product.productvariant",
    "pk": 318,
    "fields": {
        "sort_order": null,
        "private_metadata": {},
        "metadata": {},
        "sku": "ocean-poems-mp3",
        "name": "MP3",
        "product": 121,
        "track_inventory": true,
        "weight": "0.0:g"
    }
},
{
    "model": "product.productvariant",
    "pk": 319,
    "fields": {
        "sort_order": null,
        "private_metadata": {},
        "metadata": {},
        "sku": "bathroom-songs-mp3",
        "name": "MP3",
        "product": 122,
        "track_inventory": true,
        "weight": "0.0:g"
    }
},
{
    "model": "product.productvariant",
    "pk": 320,
    "fields": {
        "sort_order": null,
        "private_metadata": {},
        "metadata": {},
        "sku": "lagoon-chants-vinyl",
        "name": "Signed: Yes / Vinyl",
        "product": 123,
        "track_inventory": true,
        "weight": "0.0:g"
    }
},
{
    "model": "product.productvariant",
    "pk": 321,
    "fields": {
        "sort_order": null,
        "private_metadata": {},
        "metadata": {},
        "sku": "waterfall-ballads-mp3",
        "name": "MP3",
        "product": 124,
        "track_inventory": true,
        "weight": "0.0:g"
    }
},
{
    "model": "product.productvariantchannellisting",
    "pk": 1,
    "fields": {
        "variant": 314,
        "channel": 1,
        "currency": "USD",
        "price_amount": "5.000",
        "cost_price_amount": "10.000"
    }
},
{
    "model": "product.productvariantchannellisting",
    "pk": 2,
    "fields": {
        "variant": 278,
        "channel": 1,
        "currency": "USD",
        "price_amount": "5.000",
        "cost_price_amount": "10.000"
    }
},
{
    "model": "product.productvariantchannellisting",
    "pk": 3,
    "fields": {
        "variant": 253,
        "channel": 1,
        "currency": "USD",
        "price_amount": "5.000",
        "cost_price_amount": "10.000"
    }
},
{
    "model": "product.productvariantchannellisting",
    "pk": 4,
    "fields": {
        "variant": 193,
        "channel": 1,
        "currency": "USD",
        "price_amount": "5.000",
        "cost_price_amount": null
    }
},
{
    "model": "product.productvariantchannellisting",
    "pk": 5,
    "fields": {
        "variant": 194,
        "channel": 1,
        "currency": "USD",
        "price_amount": "5.000",
        "cost_price_amount": null
    }
},
{
    "model": "product.productvariantchannellisting",
    "pk": 6,
    "fields": {
        "variant": 206,
        "channel": 1,
        "currency": "USD",
        "price_amount": "5.000",
        "cost_price_amount": "1.500"
    }
},
{
    "model": "product.productvariantchannellisting",
    "pk": 7,
    "fields": {
        "variant": 301,
        "channel": 1,
        "currency": "USD",
        "price_amount": "5.000",
        "cost_price_amount": "10.000"
    }
},
{
    "model": "product.productvariantchannellisting",
    "pk": 8,
    "fields": {
        "variant": 270,
        "channel": 1,
        "currency": "USD",
        "price_amount": "5.000",
        "cost_price_amount": "10.000"
    }
},
{
    "model": "product.productvariantchannellisting",
    "pk": 9,
    "fields": {
        "variant": 299,
        "channel": 1,
        "currency": "USD",
        "price_amount": "5.000",
        "cost_price_amount": "10.000"
    }
},
{
    "model": "product.productvariantchannellisting",
    "pk": 10,
    "fields": {
        "variant": 269,
        "channel": 1,
        "currency": "USD",
        "price_amount": "5.000",
        "cost_price_amount": "10.000"
    }
},
{
    "model": "product.productvariantchannellisting",
    "pk": 11,
    "fields": {
        "variant": 225,
        "channel": 1,
        "currency": "USD",
        "price_amount": "7.000",
        "cost_price_amount": "2.000"
    }
},
{
    "model": "product.productvariantchannellisting",
    "pk": 12,
    "fields": {
        "variant": 285,
        "channel": 1,
        "currency": "USD",
        "price_amount": "5.000",
        "cost_price_amount": "10.000"
    }
},
{
    "model": "product.productvariantchannellisting",
    "pk": 13,
    "fields": {
        "variant": 302,
        "channel": 1,
        "currency": "USD",
        "price_amount": "5.000",
        "cost_price_amount": "10.000"
    }
},
{
    "model": "product.productvariantchannellisting",
    "pk": 14,
    "fields": {
        "variant": 298,
        "channel": 1,
        "currency": "USD",
        "price_amount": "5.000",
        "cost_price_amount": "10.000"
    }
},
{
    "model": "product.productvariantchannellisting",
    "pk": 15,
    "fields": {
        "variant": 266,
        "channel": 1,
        "currency": "USD",
        "price_amount": "5.000",
        "cost_price_amount": "10.000"
    }
},
{
    "model": "product.productvariantchannellisting",
    "pk": 16,
    "fields": {
        "variant": 209,
        "channel": 1,
        "currency": "USD",
        "price_amount": "5.000",
        "cost_price_amount": "1.500"
    }
},
{
    "model": "product.productvariantchannellisting",
    "pk": 17,
    "fields": {
        "variant": 283,
        "channel": 1,
        "currency": "USD",
        "price_amount": "5.000",
        "cost_price_amount": "10.000"
    }
},
{
    "model": "product.productvariantchannellisting",
    "pk": 18,
    "fields": {
        "variant": 256,
        "channel": 1,
        "currency": "USD",
        "price_amount": "5.000",
        "cost_price_amount": "10.000"
    }
},
{
    "model": "product.productvariantchannellisting",
    "pk": 19,
    "fields": {
        "variant": 286,
        "channel": 1,
        "currency": "USD",
        "price_amount": "5.000",
        "cost_price_amount": "10.000"
    }
},
{
    "model": "product.productvariantchannellisting",
    "pk": 20,
    "fields": {
        "variant": 222,
        "channel": 1,
        "currency": "USD",
        "price_amount": "7.000",
        "cost_price_amount": "2.000"
    }
},
{
    "model": "product.productvariantchannellisting",
    "pk": 21,
    "fields": {
        "variant": 255,
        "channel": 1,
        "currency": "USD",
        "price_amount": "5.000",
        "cost_price_amount": "10.000"
    }
},
{
    "model": "product.productvariantchannellisting",
    "pk": 22,
    "fields": {
        "variant": 259,
        "channel": 1,
        "currency": "USD",
        "price_amount": "5.000",
        "cost_price_amount": "10.000"
    }
},
{
    "model": "product.productvariantchannellisting",
    "pk": 23,
    "fields": {
        "variant": 252,
        "channel": 1,
        "currency": "USD",
        "price_amount": "5.000",
        "cost_price_amount": "10.000"
    }
},
{
    "model": "product.productvariantchannellisting",
    "pk": 24,
    "fields": {
        "variant": 306,
        "channel": 1,
        "currency": "USD",
        "price_amount": "5.000",
        "cost_price_amount": "10.000"
    }
},
{
    "model": "product.productvariantchannellisting",
    "pk": 25,
    "fields": {
        "variant": 293,
        "channel": 1,
        "currency": "USD",
        "price_amount": "5.000",
        "cost_price_amount": "10.000"
    }
},
{
    "model": "product.productvariantchannellisting",
    "pk": 26,
    "fields": {
        "variant": 313,
        "channel": 1,
        "currency": "USD",
        "price_amount": "5.000",
        "cost_price_amount": "10.000"
    }
},
{
    "model": "product.productvariantchannellisting",
    "pk": 27,
    "fields": {
        "variant": 267,
        "channel": 1,
        "currency": "USD",
        "price_amount": "5.000",
        "cost_price_amount": "10.000"
    }
},
{
    "model": "product.productvariantchannellisting",
    "pk": 28,
    "fields": {
        "variant": 312,
        "channel": 1,
        "currency": "USD",
        "price_amount": "5.000",
        "cost_price_amount": "10.000"
    }
},
{
    "model": "product.productvariantchannellisting",
    "pk": 29,
    "fields": {
        "variant": 268,
        "channel": 1,
        "currency": "USD",
        "price_amount": "5.000",
        "cost_price_amount": "10.000"
    }
},
{
    "model": "product.productvariantchannellisting",
    "pk": 30,
    "fields": {
        "variant": 277,
        "channel": 1,
        "currency": "USD",
        "price_amount": "5.000",
        "cost_price_amount": "10.000"
    }
},
{
    "model": "product.productvariantchannellisting",
    "pk": 31,
    "fields": {
        "variant": 214,
        "channel": 1,
        "currency": "USD",
        "price_amount": "5.000",
        "cost_price_amount": "1.000"
    }
},
{
    "model": "product.productvariantchannellisting",
    "pk": 32,
    "fields": {
        "variant": 242,
        "channel": 1,
        "currency": "USD",
        "price_amount": "5.000",
        "cost_price_amount": "20.000"
    }
},
{
    "model": "product.productvariantchannellisting",
    "pk": 33,
    "fields": {
        "variant": 243,
        "channel": 1,
        "currency": "USD",
        "price_amount": "5.000",
        "cost_price_amount": "20.000"
    }
},
{
    "model": "product.productvariantchannellisting",
    "pk": 34,
    "fields": {
        "variant": 244,
        "channel": 1,
        "currency": "USD",
        "price_amount": "5.000",
        "cost_price_amount": "20.000"
    }
},
{
    "model": "product.productvariantchannellisting",
    "pk": 35,
    "fields": {
        "variant": 245,
        "channel": 1,
        "currency": "USD",
        "price_amount": "5.000",
        "cost_price_amount": "20.000"
    }
},
{
    "model": "product.productvariantchannellisting",
    "pk": 36,
    "fields": {
        "variant": 246,
        "channel": 1,
        "currency": "USD",
        "price_amount": "5.000",
        "cost_price_amount": "20.000"
    }
},
{
    "model": "product.productvariantchannellisting",
    "pk": 37,
    "fields": {
        "variant": 284,
        "channel": 1,
        "currency": "USD",
        "price_amount": "5.000",
        "cost_price_amount": "10.000"
    }
},
{
    "model": "product.productvariantchannellisting",
    "pk": 38,
    "fields": {
        "variant": 210,
        "channel": 1,
        "currency": "USD",
        "price_amount": "7.000",
        "cost_price_amount": "2.000"
    }
},
{
    "model": "product.productvariantchannellisting",
    "pk": 39,
    "fields": {
        "variant": 310,
        "channel": 1,
        "currency": "USD",
        "price_amount": "5.000",
        "cost_price_amount": "10.000"
    }
},
{
    "model": "product.productvariantchannellisting",
    "pk": 40,
    "fields": {
        "variant": 288,
        "channel": 1,
        "currency": "USD",
        "price_amount": "5.000",
        "cost_price_amount": "10.000"
    }
},
{
    "model": "product.productvariantchannellisting",
    "pk": 41,
    "fields": {
        "variant": 211,
        "channel": 1,
        "currency": "USD",
        "price_amount": "5.000",
        "cost_price_amount": "1.000"
    }
},
{
    "model": "product.productvariantchannellisting",
    "pk": 42,
    "fields": {
        "variant": 203,
        "channel": 1,
        "currency": "USD",
        "price_amount": "5.000",
        "cost_price_amount": "1.500"
    }
},
{
    "model": "product.productvariantchannellisting",
    "pk": 43,
    "fields": {
        "variant": 305,
        "channel": 1,
        "currency": "USD",
        "price_amount": "5.000",
        "cost_price_amount": "10.000"
    }
},
{
    "model": "product.productvariantchannellisting",
    "pk": 44,
    "fields": {
        "variant": 264,
        "channel": 1,
        "currency": "USD",
        "price_amount": "5.000",
        "cost_price_amount": "10.000"
    }
},
{
    "model": "product.productvariantchannellisting",
    "pk": 45,
    "fields": {
        "variant": 261,
        "channel": 1,
        "currency": "USD",
        "price_amount": "5.000",
        "cost_price_amount": "10.000"
    }
},
{
    "model": "product.productvariantchannellisting",
    "pk": 46,
    "fields": {
        "variant": 254,
        "channel": 1,
        "currency": "USD",
        "price_amount": "5.000",
        "cost_price_amount": "10.000"
    }
},
{
    "model": "product.productvariantchannellisting",
    "pk": 47,
    "fields": {
        "variant": 295,
        "channel": 1,
        "currency": "USD",
        "price_amount": "5.000",
        "cost_price_amount": "10.000"
    }
},
{
    "model": "product.productvariantchannellisting",
    "pk": 48,
    "fields": {
        "variant": 208,
        "channel": 1,
        "currency": "USD",
        "price_amount": "5.000",
        "cost_price_amount": "1.000"
    }
},
{
    "model": "product.productvariantchannellisting",
    "pk": 49,
    "fields": {
        "variant": 315,
        "channel": 1,
        "currency": "USD",
        "price_amount": "5.000",
        "cost_price_amount": "10.000"
    }
},
{
    "model": "product.productvariantchannellisting",
    "pk": 50,
    "fields": {
        "variant": 272,
        "channel": 1,
        "currency": "USD",
        "price_amount": "5.000",
        "cost_price_amount": "10.000"
    }
},
{
    "model": "product.productvariantchannellisting",
    "pk": 51,
    "fields": {
        "variant": 258,
        "channel": 1,
        "currency": "USD",
        "price_amount": "5.000",
        "cost_price_amount": "10.000"
    }
},
{
    "model": "product.productvariantchannellisting",
    "pk": 52,
    "fields": {
        "variant": 304,
        "channel": 1,
        "currency": "USD",
        "price_amount": "5.000",
        "cost_price_amount": "10.000"
    }
},
{
    "model": "product.productvariantchannellisting",
    "pk": 53,
    "fields": {
        "variant": 171,
        "channel": 1,
        "currency": "USD",
        "price_amount": "15.000",
        "cost_price_amount": "5.000"
    }
},
{
    "model": "product.productvariantchannellisting",
    "pk": 54,
    "fields": {
        "variant": 172,
        "channel": 1,
        "currency": "USD",
        "price_amount": "35.000",
        "cost_price_amount": "10.000"
    }
},
{
    "model": "product.productvariantchannellisting",
    "pk": 55,
    "fields": {
        "variant": 173,
        "channel": 1,
        "currency": "USD",
        "price_amount": "49.000",
        "cost_price_amount": "20.000"
    }
},
{
    "model": "product.productvariantchannellisting",
    "pk": 56,
    "fields": {
        "variant": 282,
        "channel": 1,
        "currency": "USD",
        "price_amount": "5.000",
        "cost_price_amount": "10.000"
    }
},
{
    "model": "product.productvariantchannellisting",
    "pk": 57,
    "fields": {
        "variant": 308,
        "channel": 1,
        "currency": "USD",
        "price_amount": "5.000",
        "cost_price_amount": "10.000"
    }
},
{
    "model": "product.productvariantchannellisting",
    "pk": 58,
    "fields": {
        "variant": 223,
        "channel": 1,
        "currency": "USD",
        "price_amount": "5.000",
        "cost_price_amount": "1.000"
    }
},
{
    "model": "product.productvariantchannellisting",
    "pk": 59,
    "fields": {
        "variant": 224,
        "channel": 1,
        "currency": "USD",
        "price_amount": "5.000",
        "cost_price_amount": "1.500"
    }
},
{
    "model": "product.productvariantchannellisting",
    "pk": 60,
    "fields": {
        "variant": 287,
        "channel": 1,
        "currency": "USD",
        "price_amount": "5.000",
        "cost_price_amount": "10.000"
    }
},
{
    "model": "product.productvariantchannellisting",
    "pk": 61,
    "fields": {
        "variant": 215,
        "channel": 1,
        "currency": "USD",
        "price_amount": "5.000",
        "cost_price_amount": "1.500"
    }
},
{
    "model": "product.productvariantchannellisting",
    "pk": 62,
    "fields": {
        "variant": 263,
        "channel": 1,
        "currency": "USD",
        "price_amount": "5.000",
        "cost_price_amount": "10.000"
    }
},
{
    "model": "product.productvariantchannellisting",
    "pk": 63,
    "fields": {
        "variant": 265,
        "channel": 1,
        "currency": "USD",
        "price_amount": "5.000",
        "cost_price_amount": "10.000"
    }
},
{
    "model": "product.productvariantchannellisting",
    "pk": 64,
    "fields": {
        "variant": 220,
        "channel": 1,
        "currency": "USD",
        "price_amount": "5.000",
        "cost_price_amount": "1.000"
    }
},
{
    "model": "product.productvariantchannellisting",
    "pk": 65,
    "fields": {
        "variant": 300,
        "channel": 1,
        "currency": "USD",
        "price_amount": "5.000",
        "cost_price_amount": "10.000"
    }
},
{
    "model": "product.productvariantchannellisting",
    "pk": 66,
    "fields": {
        "variant": 207,
        "channel": 1,
        "currency": "USD",
        "price_amount": "7.000",
        "cost_price_amount": "2.000"
    }
},
{
    "model": "product.productvariantchannellisting",
    "pk": 67,
    "fields": {
        "variant": 296,
        "channel": 1,
        "currency": "USD",
        "price_amount": "5.000",
        "cost_price_amount": "10.000"
    }
},
{
    "model": "product.productvariantchannellisting",
    "pk": 68,
    "fields": {
        "variant": 303,
        "channel": 1,
        "currency": "USD",
        "price_amount": "5.000",
        "cost_price_amount": "10.000"
    }
},
{
    "model": "product.productvariantchannellisting",
    "pk": 69,
    "fields": {
        "variant": 257,
        "channel": 1,
        "currency": "USD",
        "price_amount": "5.000",
        "cost_price_amount": "10.000"
    }
},
{
    "model": "product.productvariantchannellisting",
    "pk": 70,
    "fields": {
        "variant": 307,
        "channel": 1,
        "currency": "USD",
        "price_amount": "5.000",
        "cost_price_amount": "10.000"
    }
},
{
    "model": "product.productvariantchannellisting",
    "pk": 71,
    "fields": {
        "variant": 205,
        "channel": 1,
        "currency": "USD",
        "price_amount": "5.000",
        "cost_price_amount": "1.000"
    }
},
{
    "model": "product.productvariantchannellisting",
    "pk": 72,
    "fields": {
        "variant": 292,
        "channel": 1,
        "currency": "USD",
        "price_amount": "5.000",
        "cost_price_amount": "10.000"
    }
},
{
    "model": "product.productvariantchannellisting",
    "pk": 73,
    "fields": {
        "variant": 198,
        "channel": 1,
        "currency": "USD",
        "price_amount": "5.000",
        "cost_price_amount": "12.000"
    }
},
{
    "model": "product.productvariantchannellisting",
    "pk": 74,
    "fields": {
        "variant": 197,
        "channel": 1,
        "currency": "USD",
        "price_amount": "20.000",
        "cost_price_amount": "11.000"
    }
},
{
    "model": "product.productvariantchannellisting",
    "pk": 75,
    "fields": {
        "variant": 217,
        "channel": 1,
        "currency": "USD",
        "price_amount": "5.000",
        "cost_price_amount": "1.000"
    }
},
{
    "model": "product.productvariantchannellisting",
    "pk": 76,
    "fields": {
        "variant": 311,
        "channel": 1,
        "currency": "USD",
        "price_amount": "5.000",
        "cost_price_amount": "10.000"
    }
},
{
    "model": "product.productvariantchannellisting",
    "pk": 77,
    "fields": {
        "variant": 273,
        "channel": 1,
        "currency": "USD",
        "price_amount": "5.000",
        "cost_price_amount": "10.000"
    }
},
{
    "model": "product.productvariantchannellisting",
    "pk": 78,
    "fields": {
        "variant": 289,
        "channel": 1,
        "currency": "USD",
        "price_amount": "5.000",
        "cost_price_amount": "10.000"
    }
},
{
    "model": "product.productvariantchannellisting",
    "pk": 79,
    "fields": {
        "variant": 309,
        "channel": 1,
        "currency": "USD",
        "price_amount": "5.000",
        "cost_price_amount": "10.000"
    }
},
{
    "model": "product.productvariantchannellisting",
    "pk": 80,
    "fields": {
        "variant": 213,
        "channel": 1,
        "currency": "USD",
        "price_amount": "7.000",
        "cost_price_amount": "2.000"
    }
},
{
    "model": "product.productvariantchannellisting",
    "pk": 81,
    "fields": {
        "variant": 281,
        "channel": 1,
        "currency": "USD",
        "price_amount": "5.000",
        "cost_price_amount": "10.000"
    }
},
{
    "model": "product.productvariantchannellisting",
    "pk": 82,
    "fields": {
        "variant": 291,
        "channel": 1,
        "currency": "USD",
        "price_amount": "5.000",
        "cost_price_amount": "10.000"
    }
},
{
    "model": "product.productvariantchannellisting",
    "pk": 83,
    "fields": {
        "variant": 212,
        "channel": 1,
        "currency": "USD",
        "price_amount": "5.000",
        "cost_price_amount": "1.500"
    }
},
{
    "model": "product.productvariantchannellisting",
    "pk": 84,
    "fields": {
        "variant": 219,
        "channel": 1,
        "currency": "USD",
        "price_amount": "7.000",
        "cost_price_amount": "2.000"
    }
},
{
    "model": "product.productvariantchannellisting",
    "pk": 85,
    "fields": {
        "variant": 204,
        "channel": 1,
        "currency": "USD",
        "price_amount": "7.000",
        "cost_price_amount": "2.000"
    }
},
{
    "model": "product.productvariantchannellisting",
    "pk": 86,
    "fields": {
        "variant": 276,
        "channel": 1,
        "currency": "USD",
        "price_amount": "5.000",
        "cost_price_amount": "10.000"
    }
},
{
    "model": "product.productvariantchannellisting",
    "pk": 87,
    "fields": {
        "variant": 221,
        "channel": 1,
        "currency": "USD",
        "price_amount": "5.000",
        "cost_price_amount": "1.500"
    }
},
{
    "model": "product.productvariantchannellisting",
    "pk": 88,
    "fields": {
        "variant": 279,
        "channel": 1,
        "currency": "USD",
        "price_amount": "5.000",
        "cost_price_amount": "10.000"
    }
},
{
    "model": "product.productvariantchannellisting",
    "pk": 89,
    "fields": {
        "variant": 216,
        "channel": 1,
        "currency": "USD",
        "price_amount": "7.000",
        "cost_price_amount": "2.000"
    }
},
{
    "model": "product.productvariantchannellisting",
    "pk": 90,
    "fields": {
        "variant": 274,
        "channel": 1,
        "currency": "USD",
        "price_amount": "5.000",
        "cost_price_amount": "10.000"
    }
},
{
    "model": "product.productvariantchannellisting",
    "pk": 91,
    "fields": {
        "variant": 260,
        "channel": 1,
        "currency": "USD",
        "price_amount": "5.000",
        "cost_price_amount": "10.000"
    }
},
{
    "model": "product.productvariantchannellisting",
    "pk": 92,
    "fields": {
        "variant": 275,
        "channel": 1,
        "currency": "USD",
        "price_amount": "5.000",
        "cost_price_amount": "10.000"
    }
},
{
    "model": "product.productvariantchannellisting",
    "pk": 93,
    "fields": {
        "variant": 262,
        "channel": 1,
        "currency": "USD",
        "price_amount": "5.000",
        "cost_price_amount": "10.000"
    }
},
{
    "model": "product.productvariantchannellisting",
    "pk": 94,
    "fields": {
        "variant": 297,
        "channel": 1,
        "currency": "USD",
        "price_amount": "5.000",
        "cost_price_amount": "10.000"
    }
},
{
    "model": "product.productvariantchannellisting",
    "pk": 95,
    "fields": {
        "variant": 280,
        "channel": 1,
        "currency": "USD",
        "price_amount": "5.000",
        "cost_price_amount": "10.000"
    }
},
{
    "model": "product.productvariantchannellisting",
    "pk": 96,
    "fields": {
        "variant": 250,
        "channel": 1,
        "currency": "USD",
        "price_amount": "5.000",
        "cost_price_amount": "20.000"
    }
},
{
    "model": "product.productvariantchannellisting",
    "pk": 97,
    "fields": {
        "variant": 249,
        "channel": 1,
        "currency": "USD",
        "price_amount": "5.000",
        "cost_price_amount": null
    }
},
{
    "model": "product.productvariantchannellisting",
    "pk": 98,
    "fields": {
        "variant": 191,
        "channel": 1,
        "currency": "USD",
        "price_amount": "5.000",
        "cost_price_amount": "1.500"
    }
},
{
    "model": "product.productvariantchannellisting",
    "pk": 99,
    "fields": {
        "variant": 202,
        "channel": 1,
        "currency": "USD",
        "price_amount": "5.000",
        "cost_price_amount": "1.000"
    }
},
{
    "model": "product.productvariantchannellisting",
    "pk": 100,
    "fields": {
        "variant": 218,
        "channel": 1,
        "currency": "USD",
        "price_amount": "5.000",
        "cost_price_amount": "1.500"
    }
},
{
    "model": "product.productvariantchannellisting",
    "pk": 101,
    "fields": {
        "variant": 248,
        "channel": 1,
        "currency": "USD",
        "price_amount": "5.000",
        "cost_price_amount": "20.000"
    }
},
{
    "model": "product.productvariantchannellisting",
    "pk": 102,
    "fields": {
        "variant": 271,
        "channel": 1,
        "currency": "USD",
        "price_amount": "5.000",
        "cost_price_amount": "10.000"
    }
},
{
    "model": "product.productvariantchannellisting",
    "pk": 103,
    "fields": {
        "variant": 195,
        "channel": 1,
        "currency": "USD",
        "price_amount": "5.000",
        "cost_price_amount": null
    }
},
{
    "model": "product.productvariantchannellisting",
    "pk": 104,
    "fields": {
        "variant": 196,
        "channel": 1,
        "currency": "USD",
        "price_amount": "5.000",
        "cost_price_amount": null
    }
},
{
    "model": "product.productvariantchannellisting",
    "pk": 105,
    "fields": {
        "variant": 290,
        "channel": 1,
        "currency": "USD",
        "price_amount": "5.000",
        "cost_price_amount": "10.000"
    }
},
{
    "model": "product.productvariantchannellisting",
    "pk": 106,
    "fields": {
        "variant": 199,
        "channel": 1,
        "currency": "USD",
        "price_amount": "5.000",
        "cost_price_amount": "13.000"
    }
},
{
    "model": "product.productvariantchannellisting",
    "pk": 107,
    "fields": {
        "variant": 192,
        "channel": 1,
        "currency": "USD",
        "price_amount": "7.000",
        "cost_price_amount": "2.000"
    }
},
{
    "model": "product.productvariantchannellisting",
    "pk": 108,
    "fields": {
        "variant": 190,
        "channel": 1,
        "currency": "USD",
        "price_amount": "5.000",
        "cost_price_amount": "1.000"
    }
},
{
    "model": "product.productvariantchannellisting",
    "pk": 109,
    "fields": {
        "variant": 251,
        "channel": 1,
        "currency": "USD",
        "price_amount": "5.000",
        "cost_price_amount": "10.000"
    }
},
{
    "model": "product.productvariantchannellisting",
    "pk": 110,
    "fields": {
        "variant": 294,
        "channel": 1,
        "currency": "USD",
        "price_amount": "5.000",
        "cost_price_amount": "10.000"
    }
},
{
    "model": "product.productvariantchannellisting",
    "pk": 111,
    "fields": {
        "variant": 247,
        "channel": 1,
        "currency": "USD",
        "price_amount": "5.000",
        "cost_price_amount": "10.000"
    }
},
{
    "model": "product.productvariantchannellisting",
    "pk": 112,
    "fields": {
        "variant": 177,
        "channel": 1,
        "currency": "USD",
        "price_amount": "15.000",
        "cost_price_amount": "5.000"
    }
},
{
    "model": "product.productvariantchannellisting",
    "pk": 113,
    "fields": {
        "variant": 178,
        "channel": 1,
        "currency": "USD",
        "price_amount": "25.000",
        "cost_price_amount": "10.000"
    }
},
{
    "model": "product.productvariantchannellisting",
    "pk": 114,
    "fields": {
        "variant": 179,
        "channel": 1,
        "currency": "USD",
        "price_amount": "49.000",
        "cost_price_amount": "20.000"
    }
},
{
    "model": "product.productvariantchannellisting",
    "pk": 115,
    "fields": {
        "variant": 200,
        "channel": 1,
        "currency": "USD",
        "price_amount": "5.000",
        "cost_price_amount": "13.000"
    }
},
{
    "model": "product.productvariantchannellisting",
    "pk": 116,
    "fields": {
        "variant": 174,
        "channel": 1,
        "currency": "USD",
        "price_amount": "15.000",
        "cost_price_amount": "5.000"
    }
},
{
    "model": "product.productvariantchannellisting",
    "pk": 117,
    "fields": {
        "variant": 176,
        "channel": 1,
        "currency": "USD",
        "price_amount": "49.000",
        "cost_price_amount": "25.000"
    }
},
{
    "model": "product.productvariantchannellisting",
    "pk": 118,
    "fields": {
        "variant": 175,
        "channel": 1,
        "currency": "USD",
        "price_amount": "25.000",
        "cost_price_amount": "10.000"
    }
},
{
    "model": "product.productvariantchannellisting",
    "pk": 119,
    "fields": {
        "variant": 180,
        "channel": 1,
        "currency": "USD",
        "price_amount": "15.000",
        "cost_price_amount": "5.000"
    }
},
{
    "model": "product.productvariantchannellisting",
    "pk": 120,
    "fields": {
        "variant": 181,
        "channel": 1,
        "currency": "USD",
        "price_amount": "30.000",
        "cost_price_amount": "10.000"
    }
},
{
    "model": "product.productvariantchannellisting",
    "pk": 121,
    "fields": {
        "variant": 182,
        "channel": 1,
        "currency": "USD",
        "price_amount": "49.000",
        "cost_price_amount": "15.000"
    }
},
{
    "model": "product.productvariantchannellisting",
    "pk": 122,
    "fields": {
        "variant": 183,
        "channel": 1,
        "currency": "USD",
        "price_amount": "15.000",
        "cost_price_amount": "5.000"
    }
},
{
    "model": "product.productvariantchannellisting",
    "pk": 123,
    "fields": {
        "variant": 184,
        "channel": 1,
        "currency": "USD",
        "price_amount": "30.000",
        "cost_price_amount": "10.000"
    }
},
{
    "model": "product.productvariantchannellisting",
    "pk": 124,
    "fields": {
        "variant": 185,
        "channel": 1,
        "currency": "USD",
        "price_amount": "49.000",
        "cost_price_amount": "15.000"
    }
},
{
    "model": "product.productvariantchannellisting",
    "pk": 125,
    "fields": {
        "variant": 319,
        "channel": 1,
        "currency": "USD",
        "price_amount": "9.990",
        "cost_price_amount": null
    }
},
{
    "model": "product.productvariantchannellisting",
    "pk": 126,
    "fields": {
        "variant": 320,
        "channel": 1,
        "currency": "USD",
        "price_amount": "9.990",
        "cost_price_amount": null
    }
},
{
    "model": "product.productvariantchannellisting",
    "pk": 127,
    "fields": {
        "variant": 317,
        "channel": 1,
        "currency": "USD",
        "price_amount": "9.990",
        "cost_price_amount": null
    }
},
{
    "model": "product.productvariantchannellisting",
    "pk": 128,
    "fields": {
        "variant": 318,
        "channel": 1,
        "currency": "USD",
        "price_amount": "9.990",
        "cost_price_amount": null
    }
},
{
    "model": "product.productvariantchannellisting",
    "pk": 129,
    "fields": {
        "variant": 316,
        "channel": 1,
        "currency": "USD",
        "price_amount": "9.990",
        "cost_price_amount": null
    }
},
{
    "model": "product.productvariantchannellisting",
    "pk": 130,
    "fields": {
        "variant": 321,
        "channel": 1,
        "currency": "USD",
        "price_amount": "9.990",
        "cost_price_amount": null
    }
},
{
    "model": "product.productvariantchannellisting",
    "pk": 131,
    "fields": {
        "variant": 203,
        "channel": 2,
        "currency": "PLN",
        "price_amount": "20.000",
        "cost_price_amount": "6.000"
    }
},
{
    "model": "product.productvariantchannellisting",
    "pk": 132,
    "fields": {
        "variant": 204,
        "channel": 2,
        "currency": "PLN",
        "price_amount": "28.000",
        "cost_price_amount": "8.000"
    }
},
{
    "model": "product.productvariantchannellisting",
    "pk": 133,
    "fields": {
        "variant": 202,
        "channel": 2,
        "currency": "PLN",
        "price_amount": "20.000",
        "cost_price_amount": "4.000"
    }
},
{
    "model": "product.productvariantchannellisting",
    "pk": 134,
    "fields": {
        "variant": 209,
        "channel": 2,
        "currency": "PLN",
        "price_amount": "20.000",
        "cost_price_amount": "6.000"
    }
},
{
    "model": "product.productvariantchannellisting",
    "pk": 135,
    "fields": {
        "variant": 210,
        "channel": 2,
        "currency": "PLN",
        "price_amount": "28.000",
        "cost_price_amount": "8.000"
    }
},
{
    "model": "product.productvariantchannellisting",
    "pk": 136,
    "fields": {
        "variant": 208,
        "channel": 2,
        "currency": "PLN",
        "price_amount": "20.000",
        "cost_price_amount": "4.000"
    }
},
{
    "model": "product.productvariantchannellisting",
    "pk": 137,
    "fields": {
        "variant": 319,
        "channel": 2,
        "currency": "PLN",
        "price_amount": "39.960",
        "cost_price_amount": null
    }
},
{
    "model": "product.productvariantchannellisting",
    "pk": 138,
    "fields": {
        "variant": 225,
        "channel": 2,
        "currency": "PLN",
        "price_amount": "28.000",
        "cost_price_amount": "8.000"
    }
},
{
    "model": "product.productvariantchannellisting",
    "pk": 139,
    "fields": {
        "variant": 223,
        "channel": 2,
        "currency": "PLN",
        "price_amount": "20.000",
        "cost_price_amount": "4.000"
    }
},
{
    "model": "product.productvariantchannellisting",
    "pk": 140,
    "fields": {
        "variant": 224,
        "channel": 2,
        "currency": "PLN",
        "price_amount": "20.000",
        "cost_price_amount": "6.000"
    }
},
{
    "model": "product.productvariantchannellisting",
    "pk": 141,
    "fields": {
        "variant": 299,
        "channel": 2,
        "currency": "PLN",
        "price_amount": "20.000",
        "cost_price_amount": "40.000"
    }
},
{
    "model": "product.productvariantchannellisting",
    "pk": 142,
    "fields": {
        "variant": 298,
        "channel": 2,
        "currency": "PLN",
        "price_amount": "20.000",
        "cost_price_amount": "40.000"
    }
},
{
    "model": "product.productvariantchannellisting",
    "pk": 143,
    "fields": {
        "variant": 300,
        "channel": 2,
        "currency": "PLN",
        "price_amount": "20.000",
        "cost_price_amount": "40.000"
    }
},
{
    "model": "product.productvariantchannellisting",
    "pk": 144,
    "fields": {
        "variant": 296,
        "channel": 2,
        "currency": "PLN",
        "price_amount": "20.000",
        "cost_price_amount": "40.000"
    }
},
{
    "model": "product.productvariantchannellisting",
    "pk": 145,
    "fields": {
        "variant": 297,
        "channel": 2,
        "currency": "PLN",
        "price_amount": "20.000",
        "cost_price_amount": "40.000"
    }
},
{
    "model": "product.productvariantchannellisting",
    "pk": 146,
    "fields": {
        "variant": 301,
        "channel": 2,
        "currency": "PLN",
        "price_amount": "20.000",
        "cost_price_amount": "40.000"
    }
},
{
    "model": "product.productvariantchannellisting",
    "pk": 147,
    "fields": {
        "variant": 302,
        "channel": 2,
        "currency": "PLN",
        "price_amount": "20.000",
        "cost_price_amount": "40.000"
    }
},
{
    "model": "product.productvariantchannellisting",
    "pk": 148,
    "fields": {
        "variant": 305,
        "channel": 2,
        "currency": "PLN",
        "price_amount": "20.000",
        "cost_price_amount": "40.000"
    }
},
{
    "model": "product.productvariantchannellisting",
    "pk": 149,
    "fields": {
        "variant": 304,
        "channel": 2,
        "currency": "PLN",
        "price_amount": "20.000",
        "cost_price_amount": "40.000"
    }
},
{
    "model": "product.productvariantchannellisting",
    "pk": 150,
    "fields": {
        "variant": 303,
        "channel": 2,
        "currency": "PLN",
        "price_amount": "20.000",
        "cost_price_amount": "40.000"
    }
},
{
    "model": "product.productvariantchannellisting",
    "pk": 151,
    "fields": {
        "variant": 206,
        "channel": 2,
        "currency": "PLN",
        "price_amount": "20.000",
        "cost_price_amount": "6.000"
    }
},
{
    "model": "product.productvariantchannellisting",
    "pk": 152,
    "fields": {
        "variant": 207,
        "channel": 2,
        "currency": "PLN",
        "price_amount": "28.000",
        "cost_price_amount": "8.000"
    }
},
{
    "model": "product.productvariantchannellisting",
    "pk": 153,
    "fields": {
        "variant": 205,
        "channel": 2,
        "currency": "PLN",
        "price_amount": "20.000",
        "cost_price_amount": "4.000"
    }
},
{
    "model": "product.productvariantchannellisting",
    "pk": 154,
    "fields": {
        "variant": 214,
        "channel": 2,
        "currency": "PLN",
        "price_amount": "20.000",
        "cost_price_amount": "4.000"
    }
},
{
    "model": "product.productvariantchannellisting",
    "pk": 155,
    "fields": {
        "variant": 215,
        "channel": 2,
        "currency": "PLN",
        "price_amount": "20.000",
        "cost_price_amount": "6.000"
    }
},
{
    "model": "product.productvariantchannellisting",
    "pk": 156,
    "fields": {
        "variant": 216,
        "channel": 2,
        "currency": "PLN",
        "price_amount": "28.000",
        "cost_price_amount": "8.000"
    }
},
{
    "model": "product.productvariantchannellisting",
    "pk": 157,
    "fields": {
        "variant": 253,
        "channel": 2,
        "currency": "PLN",
        "price_amount": "20.000",
        "cost_price_amount": "40.000"
    }
},
{
    "model": "product.productvariantchannellisting",
    "pk": 158,
    "fields": {
        "variant": 255,
        "channel": 2,
        "currency": "PLN",
        "price_amount": "20.000",
        "cost_price_amount": "40.000"
    }
},
{
    "model": "product.productvariantchannellisting",
    "pk": 159,
    "fields": {
        "variant": 252,
        "channel": 2,
        "currency": "PLN",
        "price_amount": "20.000",
        "cost_price_amount": "40.000"
    }
},
{
    "model": "product.productvariantchannellisting",
    "pk": 160,
    "fields": {
        "variant": 254,
        "channel": 2,
        "currency": "PLN",
        "price_amount": "20.000",
        "cost_price_amount": "40.000"
    }
},
{
    "model": "product.productvariantchannellisting",
    "pk": 161,
    "fields": {
        "variant": 251,
        "channel": 2,
        "currency": "PLN",
        "price_amount": "20.000",
        "cost_price_amount": "40.000"
    }
},
{
    "model": "product.productvariantchannellisting",
    "pk": 162,
    "fields": {
        "variant": 198,
        "channel": 2,
        "currency": "PLN",
        "price_amount": "20.000",
        "cost_price_amount": "48.000"
    }
},
{
    "model": "product.productvariantchannellisting",
    "pk": 163,
    "fields": {
        "variant": 197,
        "channel": 2,
        "currency": "PLN",
        "price_amount": "80.000",
        "cost_price_amount": "44.000"
    }
},
{
    "model": "product.productvariantchannellisting",
    "pk": 164,
    "fields": {
        "variant": 222,
        "channel": 2,
        "currency": "PLN",
        "price_amount": "28.000",
        "cost_price_amount": "8.000"
    }
},
{
    "model": "product.productvariantchannellisting",
    "pk": 165,
    "fields": {
        "variant": 220,
        "channel": 2,
        "currency": "PLN",
        "price_amount": "20.000",
        "cost_price_amount": "4.000"
    }
},
{
    "model": "product.productvariantchannellisting",
    "pk": 166,
    "fields": {
        "variant": 221,
        "channel": 2,
        "currency": "PLN",
        "price_amount": "20.000",
        "cost_price_amount": "6.000"
    }
},
{
    "model": "product.productvariantchannellisting",
    "pk": 167,
    "fields": {
        "variant": 183,
        "channel": 2,
        "currency": "PLN",
        "price_amount": "60.000",
        "cost_price_amount": "20.000"
    }
},
{
    "model": "product.productvariantchannellisting",
    "pk": 168,
    "fields": {
        "variant": 184,
        "channel": 2,
        "currency": "PLN",
        "price_amount": "120.000",
        "cost_price_amount": "40.000"
    }
},
{
    "model": "product.productvariantchannellisting",
    "pk": 169,
    "fields": {
        "variant": 185,
        "channel": 2,
        "currency": "PLN",
        "price_amount": "196.000",
        "cost_price_amount": "60.000"
    }
},
{
    "model": "product.productvariantchannellisting",
    "pk": 170,
    "fields": {
        "variant": 320,
        "channel": 2,
        "currency": "PLN",
        "price_amount": "39.960",
        "cost_price_amount": null
    }
},
{
    "model": "product.productvariantchannellisting",
    "pk": 171,
    "fields": {
        "variant": 317,
        "channel": 2,
        "currency": "PLN",
        "price_amount": "39.960",
        "cost_price_amount": null
    }
},
{
    "model": "product.productvariantchannellisting",
    "pk": 172,
    "fields": {
        "variant": 180,
        "channel": 2,
        "currency": "PLN",
        "price_amount": "60.000",
        "cost_price_amount": "20.000"
    }
},
{
    "model": "product.productvariantchannellisting",
    "pk": 173,
    "fields": {
        "variant": 181,
        "channel": 2,
        "currency": "PLN",
        "price_amount": "120.000",
        "cost_price_amount": "40.000"
    }
},
{
    "model": "product.productvariantchannellisting",
    "pk": 174,
    "fields": {
        "variant": 182,
        "channel": 2,
        "currency": "PLN",
        "price_amount": "196.000",
        "cost_price_amount": "60.000"
    }
},
{
    "model": "product.productvariantchannellisting",
    "pk": 175,
    "fields": {
        "variant": 306,
        "channel": 2,
        "currency": "PLN",
        "price_amount": "20.000",
        "cost_price_amount": "40.000"
    }
},
{
    "model": "product.productvariantchannellisting",
    "pk": 176,
    "fields": {
        "variant": 310,
        "channel": 2,
        "currency": "PLN",
        "price_amount": "20.000",
        "cost_price_amount": "40.000"
    }
},
{
    "model": "product.productvariantchannellisting",
    "pk": 177,
    "fields": {
        "variant": 308,
        "channel": 2,
        "currency": "PLN",
        "price_amount": "20.000",
        "cost_price_amount": "40.000"
    }
},
{
    "model": "product.productvariantchannellisting",
    "pk": 178,
    "fields": {
        "variant": 307,
        "channel": 2,
        "currency": "PLN",
        "price_amount": "20.000",
        "cost_price_amount": "40.000"
    }
},
{
    "model": "product.productvariantchannellisting",
    "pk": 179,
    "fields": {
        "variant": 309,
        "channel": 2,
        "currency": "PLN",
        "price_amount": "20.000",
        "cost_price_amount": "40.000"
    }
},
{
    "model": "product.productvariantchannellisting",
    "pk": 180,
    "fields": {
        "variant": 171,
        "channel": 2,
        "currency": "PLN",
        "price_amount": "60.000",
        "cost_price_amount": "20.000"
    }
},
{
    "model": "product.productvariantchannellisting",
    "pk": 181,
    "fields": {
        "variant": 172,
        "channel": 2,
        "currency": "PLN",
        "price_amount": "140.000",
        "cost_price_amount": "40.000"
    }
},
{
    "model": "product.productvariantchannellisting",
    "pk": 182,
    "fields": {
        "variant": 173,
        "channel": 2,
        "currency": "PLN",
        "price_amount": "196.000",
        "cost_price_amount": "80.000"
    }
},
{
    "model": "product.productvariantchannellisting",
    "pk": 183,
    "fields": {
        "variant": 318,
        "channel": 2,
        "currency": "PLN",
        "price_amount": "39.960",
        "cost_price_amount": null
    }
},
{
    "model": "product.productvariantchannellisting",
    "pk": 184,
    "fields": {
        "variant": 191,
        "channel": 2,
        "currency": "PLN",
        "price_amount": "20.000",
        "cost_price_amount": "6.000"
    }
},
{
    "model": "product.productvariantchannellisting",
    "pk": 185,
    "fields": {
        "variant": 192,
        "channel": 2,
        "currency": "PLN",
        "price_amount": "28.000",
        "cost_price_amount": "8.000"
    }
},
{
    "model": "product.productvariantchannellisting",
    "pk": 186,
    "fields": {
        "variant": 190,
        "channel": 2,
        "currency": "PLN",
        "price_amount": "20.000",
        "cost_price_amount": "4.000"
    }
},
{
    "model": "product.productvariantchannellisting",
    "pk": 187,
    "fields": {
        "variant": 211,
        "channel": 2,
        "currency": "PLN",
        "price_amount": "20.000",
        "cost_price_amount": "4.000"
    }
},
{
    "model": "product.productvariantchannellisting",
    "pk": 188,
    "fields": {
        "variant": 213,
        "channel": 2,
        "currency": "PLN",
        "price_amount": "28.000",
        "cost_price_amount": "8.000"
    }
},
{
    "model": "product.productvariantchannellisting",
    "pk": 189,
    "fields": {
        "variant": 212,
        "channel": 2,
        "currency": "PLN",
        "price_amount": "20.000",
        "cost_price_amount": "6.000"
    }
},
{
    "model": "product.productvariantchannellisting",
    "pk": 190,
    "fields": {
        "variant": 256,
        "channel": 2,
        "currency": "PLN",
        "price_amount": "20.000",
        "cost_price_amount": "40.000"
    }
},
{
    "model": "product.productvariantchannellisting",
    "pk": 191,
    "fields": {
        "variant": 259,
        "channel": 2,
        "currency": "PLN",
        "price_amount": "20.000",
        "cost_price_amount": "40.000"
    }
},
{
    "model": "product.productvariantchannellisting",
    "pk": 192,
    "fields": {
        "variant": 258,
        "channel": 2,
        "currency": "PLN",
        "price_amount": "20.000",
        "cost_price_amount": "40.000"
    }
},
{
    "model": "product.productvariantchannellisting",
    "pk": 193,
    "fields": {
        "variant": 257,
        "channel": 2,
        "currency": "PLN",
        "price_amount": "20.000",
        "cost_price_amount": "40.000"
    }
},
{
    "model": "product.productvariantchannellisting",
    "pk": 194,
    "fields": {
        "variant": 260,
        "channel": 2,
        "currency": "PLN",
        "price_amount": "20.000",
        "cost_price_amount": "40.000"
    }
},
{
    "model": "product.productvariantchannellisting",
    "pk": 195,
    "fields": {
        "variant": 264,
        "channel": 2,
        "currency": "PLN",
        "price_amount": "20.000",
        "cost_price_amount": "40.000"
    }
},
{
    "model": "product.productvariantchannellisting",
    "pk": 196,
    "fields": {
        "variant": 261,
        "channel": 2,
        "currency": "PLN",
        "price_amount": "20.000",
        "cost_price_amount": "40.000"
    }
},
{
    "model": "product.productvariantchannellisting",
    "pk": 197,
    "fields": {
        "variant": 263,
        "channel": 2,
        "currency": "PLN",
        "price_amount": "20.000",
        "cost_price_amount": "40.000"
    }
},
{
    "model": "product.productvariantchannellisting",
    "pk": 198,
    "fields": {
        "variant": 265,
        "channel": 2,
        "currency": "PLN",
        "price_amount": "20.000",
        "cost_price_amount": "40.000"
    }
},
{
    "model": "product.productvariantchannellisting",
    "pk": 199,
    "fields": {
        "variant": 262,
        "channel": 2,
        "currency": "PLN",
        "price_amount": "20.000",
        "cost_price_amount": "40.000"
    }
},
{
    "model": "product.productvariantchannellisting",
    "pk": 200,
    "fields": {
        "variant": 270,
        "channel": 2,
        "currency": "PLN",
        "price_amount": "20.000",
        "cost_price_amount": "40.000"
    }
},
{
    "model": "product.productvariantchannellisting",
    "pk": 201,
    "fields": {
        "variant": 269,
        "channel": 2,
        "currency": "PLN",
        "price_amount": "20.000",
        "cost_price_amount": "40.000"
    }
},
{
    "model": "product.productvariantchannellisting",
    "pk": 202,
    "fields": {
        "variant": 266,
        "channel": 2,
        "currency": "PLN",
        "price_amount": "20.000",
        "cost_price_amount": "40.000"
    }
},
{
    "model": "product.productvariantchannellisting",
    "pk": 203,
    "fields": {
        "variant": 267,
        "channel": 2,
        "currency": "PLN",
        "price_amount": "20.000",
        "cost_price_amount": "40.000"
    }
},
{
    "model": "product.productvariantchannellisting",
    "pk": 204,
    "fields": {
        "variant": 268,
        "channel": 2,
        "currency": "PLN",
        "price_amount": "20.000",
        "cost_price_amount": "40.000"
    }
},
{
    "model": "product.productvariantchannellisting",
    "pk": 205,
    "fields": {
        "variant": 272,
        "channel": 2,
        "currency": "PLN",
        "price_amount": "20.000",
        "cost_price_amount": "40.000"
    }
},
{
    "model": "product.productvariantchannellisting",
    "pk": 206,
    "fields": {
        "variant": 273,
        "channel": 2,
        "currency": "PLN",
        "price_amount": "20.000",
        "cost_price_amount": "40.000"
    }
},
{
    "model": "product.productvariantchannellisting",
    "pk": 207,
    "fields": {
        "variant": 274,
        "channel": 2,
        "currency": "PLN",
        "price_amount": "20.000",
        "cost_price_amount": "40.000"
    }
},
{
    "model": "product.productvariantchannellisting",
    "pk": 208,
    "fields": {
        "variant": 275,
        "channel": 2,
        "currency": "PLN",
        "price_amount": "20.000",
        "cost_price_amount": "40.000"
    }
},
{
    "model": "product.productvariantchannellisting",
    "pk": 209,
    "fields": {
        "variant": 271,
        "channel": 2,
        "currency": "PLN",
        "price_amount": "20.000",
        "cost_price_amount": "40.000"
    }
},
{
    "model": "product.productvariantchannellisting",
    "pk": 210,
    "fields": {
        "variant": 217,
        "channel": 2,
        "currency": "PLN",
        "price_amount": "20.000",
        "cost_price_amount": "4.000"
    }
},
{
    "model": "product.productvariantchannellisting",
    "pk": 211,
    "fields": {
        "variant": 219,
        "channel": 2,
        "currency": "PLN",
        "price_amount": "28.000",
        "cost_price_amount": "8.000"
    }
},
{
    "model": "product.productvariantchannellisting",
    "pk": 212,
    "fields": {
        "variant": 218,
        "channel": 2,
        "currency": "PLN",
        "price_amount": "20.000",
        "cost_price_amount": "6.000"
    }
},
{
    "model": "product.productvariantchannellisting",
    "pk": 213,
    "fields": {
        "variant": 177,
        "channel": 2,
        "currency": "PLN",
        "price_amount": "60.000",
        "cost_price_amount": "20.000"
    }
},
{
    "model": "product.productvariantchannellisting",
    "pk": 214,
    "fields": {
        "variant": 178,
        "channel": 2,
        "currency": "PLN",
        "price_amount": "100.000",
        "cost_price_amount": "40.000"
    }
},
{
    "model": "product.productvariantchannellisting",
    "pk": 215,
    "fields": {
        "variant": 179,
        "channel": 2,
        "currency": "PLN",
        "price_amount": "196.000",
        "cost_price_amount": "80.000"
    }
},
{
    "model": "product.productvariantchannellisting",
    "pk": 216,
    "fields": {
        "variant": 193,
        "channel": 2,
        "currency": "PLN",
        "price_amount": "20.000",
        "cost_price_amount": null
    }
},
{
    "model": "product.productvariantchannellisting",
    "pk": 217,
    "fields": {
        "variant": 316,
        "channel": 2,
        "currency": "PLN",
        "price_amount": "39.960",
        "cost_price_amount": null
    }
},
{
    "model": "product.productvariantchannellisting",
    "pk": 218,
    "fields": {
        "variant": 196,
        "channel": 2,
        "currency": "PLN",
        "price_amount": "20.000",
        "cost_price_amount": null
    }
},
{
    "model": "product.productvariantchannellisting",
    "pk": 219,
    "fields": {
        "variant": 195,
        "channel": 2,
        "currency": "PLN",
        "price_amount": "20.000",
        "cost_price_amount": null
    }
},
{
    "model": "product.productmedia",
    "pk": 1,
    "fields": {
        "sort_order": 0,
        "product": 61,
        "image": "products/saleordemoproduct_paints_01_VlJx5O4.png",
        "ppoi": "0.5x0.5",
        "alt": "",
        "type": "IMAGE",
        "external_url": null,
        "oembed_data": {}
    }
},
{
    "model": "product.productmedia",
    "pk": 2,
    "fields": {
        "sort_order": 0,
        "product": 62,
        "image": "products/saleordemoproduct_paints_02_rqV0eoV.png",
        "ppoi": "0.5x0.5",
        "alt": "",
        "type": "IMAGE",
        "external_url": null,
        "oembed_data": {}
    }
},
{
    "model": "product.productmedia",
    "pk": 3,
    "fields": {
        "sort_order": 0,
        "product": 63,
        "image": "products/saleordemoproduct_paints_03_NH4krtF.png",
        "ppoi": "0.5x0.5",
        "alt": "",
        "type": "IMAGE",
        "external_url": null,
        "oembed_data": {}
    }
},
{
    "model": "product.productmedia",
    "pk": 4,
    "fields": {
        "sort_order": 0,
        "product": 64,
        "image": "products/saleordemoproduct_paints_04_wDAgWqG.png",
        "ppoi": "0.5x0.5",
        "alt": "",
        "type": "IMAGE",
        "external_url": null,
        "oembed_data": {}
    }
},
{
    "model": "product.productmedia",
    "pk": 5,
    "fields": {
        "sort_order": 0,
        "product": 65,
        "image": "products/saleordemoproduct_paints_05_eyqUIrr.png",
        "ppoi": "0.5x0.5",
        "alt": "",
        "type": "IMAGE",
        "external_url": null,
        "oembed_data": {}
    }
},
{
    "model": "product.productmedia",
    "pk": 6,
    "fields": {
        "sort_order": 0,
        "product": 71,
        "image": "products/saleordemoproduct_fd_juice_06_sbD9TcY.png",
        "ppoi": "0.5x0.5",
        "alt": "",
        "type": "IMAGE",
        "external_url": null,
        "oembed_data": {}
    }
},
{
    "model": "product.productmedia",
    "pk": 7,
    "fields": {
        "sort_order": 0,
        "product": 72,
        "image": "products/saleordemoproduct_fd_juice_06_6ZZ8KCb.png",
        "ppoi": "0.5x0.5",
        "alt": "",
        "type": "IMAGE",
        "external_url": null,
        "oembed_data": {}
    }
},
{
    "model": "product.productmedia",
    "pk": 8,
    "fields": {
        "sort_order": 0,
        "product": 73,
        "image": "products/saleordemoproduct_fd_juice_05_OGT9V7k.png",
        "ppoi": "0.5x0.5",
        "alt": "",
        "type": "IMAGE",
        "external_url": null,
        "oembed_data": {}
    }
},
{
    "model": "product.productmedia",
    "pk": 9,
    "fields": {
        "sort_order": 0,
        "product": 74,
        "image": "products/saleordemoproduct_fd_juice_01_L6CeozQ.png",
        "ppoi": "0.5x0.5",
        "alt": "",
        "type": "IMAGE",
        "external_url": null,
        "oembed_data": {}
    }
},
{
    "model": "product.productmedia",
    "pk": 10,
    "fields": {
        "sort_order": 0,
        "product": 75,
        "image": "products/saleordemoproduct_fd_juice_03_CGXXtIh.png",
        "ppoi": "0.5x0.5",
        "alt": "",
        "type": "IMAGE",
        "external_url": null,
        "oembed_data": {}
    }
},
{
    "model": "product.productmedia",
    "pk": 11,
    "fields": {
        "sort_order": 0,
        "product": 76,
        "image": "products/saleordemoproduct_fd_juice_02_6BcHxRD.png",
        "ppoi": "0.5x0.5",
        "alt": "",
        "type": "IMAGE",
        "external_url": null,
        "oembed_data": {}
    }
},
{
    "model": "product.productmedia",
    "pk": 12,
    "fields": {
        "sort_order": 0,
        "product": 77,
        "image": "products/saleordemoproduct_fd_juice_03_f604Npb.png",
        "ppoi": "0.5x0.5",
        "alt": "",
        "type": "IMAGE",
        "external_url": null,
        "oembed_data": {}
    }
},
{
    "model": "product.productmedia",
    "pk": 13,
    "fields": {
        "sort_order": 0,
        "product": 78,
        "image": "products/saleordemoproduct_fd_juice_04_mdATnbD.png",
        "ppoi": "0.5x0.5",
        "alt": "",
        "type": "IMAGE",
        "external_url": null,
        "oembed_data": {}
    }
},
{
    "model": "product.productmedia",
    "pk": 14,
    "fields": {
        "sort_order": 0,
        "product": 79,
        "image": "products/saleordemoproduct_fd_juice_02_gXRpP1Q.png",
        "ppoi": "0.5x0.5",
        "alt": "",
        "type": "IMAGE",
        "external_url": null,
        "oembed_data": {}
    }
},
{
    "model": "product.productmedia",
    "pk": 15,
    "fields": {
        "sort_order": 0,
        "product": 81,
        "image": "products/saleordemoproduct_wine-red_LYnnirV.png",
        "ppoi": "0.5x0.5",
        "alt": "",
        "type": "IMAGE",
        "external_url": null,
        "oembed_data": {}
    }
},
{
    "model": "product.productmedia",
    "pk": 16,
    "fields": {
        "sort_order": 0,
        "product": 82,
        "image": "products/saleordemoproduct_wine-white_AIX8vFS.png",
        "ppoi": "0.5x0.5",
        "alt": "",
        "type": "IMAGE",
        "external_url": null,
        "oembed_data": {}
    }
},
{
    "model": "product.productmedia",
    "pk": 17,
    "fields": {
        "sort_order": 0,
        "product": 83,
        "image": "products/saleordemoproduct_beer-02_1_JdoYAWt.png",
        "ppoi": "0.5x0.5",
        "alt": "",
        "type": "IMAGE",
        "external_url": null,
        "oembed_data": {}
    }
},
{
    "model": "product.productmedia",
    "pk": 18,
    "fields": {
        "sort_order": 1,
        "product": 83,
        "image": "products/saleordemoproduct_beer-02_2_1tqDvOu.png",
        "ppoi": "0.5x0.5",
        "alt": "",
        "type": "IMAGE",
        "external_url": null,
        "oembed_data": {}
    }
},
{
    "model": "product.productmedia",
    "pk": 19,
    "fields": {
        "sort_order": 0,
        "product": 84,
        "image": "products/saleordemoproduct_beer-01_1_i6mdQIT.png",
        "ppoi": "0.5x0.5",
        "alt": "",
        "type": "IMAGE",
        "external_url": null,
        "oembed_data": {}
    }
},
{
    "model": "product.productmedia",
    "pk": 20,
    "fields": {
        "sort_order": 1,
        "product": 84,
        "image": "products/saleordemoproduct_beer-01_2_RB8Xj4z.png",
        "ppoi": "0.5x0.5",
        "alt": "",
        "type": "IMAGE",
        "external_url": null,
        "oembed_data": {}
    }
},
{
    "model": "product.productmedia",
    "pk": 21,
    "fields": {
        "sort_order": 0,
        "product": 85,
        "image": "products/saleordemoproduct_cuschion01_hvXAfpF.png",
        "ppoi": "0.5x0.5",
        "alt": "",
        "type": "IMAGE",
        "external_url": null,
        "oembed_data": {}
    }
},
{
    "model": "product.productmedia",
    "pk": 22,
    "fields": {
        "sort_order": 0,
        "product": 86,
        "image": "products/saleordemoproduct_cuschion02_mcJ8j3G.png",
        "ppoi": "0.5x0.5",
        "alt": "",
        "type": "IMAGE",
        "external_url": null,
        "oembed_data": {}
    }
},
{
    "model": "product.productmedia",
    "pk": 23,
    "fields": {
        "sort_order": 0,
        "product": 87,
        "image": "products/saleordemoproduct_sneakers_01_1_ld4SFkO.png",
        "ppoi": "0.5x0.5",
        "alt": "",
        "type": "IMAGE",
        "external_url": null,
        "oembed_data": {}
    }
},
{
    "model": "product.productmedia",
    "pk": 24,
    "fields": {
        "sort_order": 1,
        "product": 87,
        "image": "products/saleordemoproduct_sneakers_01_2_80uiu1T.png",
        "ppoi": "0.5x0.5",
        "alt": "",
        "type": "IMAGE",
        "external_url": null,
        "oembed_data": {}
    }
},
{
    "model": "product.productmedia",
    "pk": 25,
    "fields": {
        "sort_order": 2,
        "product": 87,
        "image": "products/saleordemoproduct_sneakers_01_3_GZmzSNM.png",
        "ppoi": "0.5x0.5",
        "alt": "",
        "type": "IMAGE",
        "external_url": null,
        "oembed_data": {}
    }
},
{
    "model": "product.productmedia",
    "pk": 26,
    "fields": {
        "sort_order": 3,
        "product": 87,
        "image": "products/saleordemoproduct_sneakers_01_4_XPs6GPg.png",
        "ppoi": "0.5x0.5",
        "alt": "",
        "type": "IMAGE",
        "external_url": null,
        "oembed_data": {}
    }
},
{
    "model": "product.productmedia",
    "pk": 27,
    "fields": {
        "sort_order": 0,
        "product": 88,
        "image": "products/saleordemoproduct_sneakers_02_1_vNtiF0G.png",
        "ppoi": "0.5x0.5",
        "alt": "",
        "type": "IMAGE",
        "external_url": null,
        "oembed_data": {}
    }
},
{
    "model": "product.productmedia",
    "pk": 28,
    "fields": {
        "sort_order": 1,
        "product": 88,
        "image": "products/saleordemoproduct_sneakers_02_2_RcUEVRg.png",
        "ppoi": "0.5x0.5",
        "alt": "",
        "type": "IMAGE",
        "external_url": null,
        "oembed_data": {}
    }
},
{
    "model": "product.productmedia",
    "pk": 29,
    "fields": {
        "sort_order": 2,
        "product": 88,
        "image": "products/saleordemoproduct_sneakers_02_3_39bbePi.png",
        "ppoi": "0.5x0.5",
        "alt": "",
        "type": "IMAGE",
        "external_url": null,
        "oembed_data": {}
    }
},
{
    "model": "product.productmedia",
    "pk": 30,
    "fields": {
        "sort_order": 3,
        "product": 88,
        "image": "products/saleordemoproduct_sneakers_02_4_OForJhp.png",
        "ppoi": "0.5x0.5",
        "alt": "",
        "type": "IMAGE",
        "external_url": null,
        "oembed_data": {}
    }
},
{
    "model": "product.productmedia",
    "pk": 31,
    "fields": {
        "sort_order": 0,
        "product": 89,
        "image": "products/saleordemoproduct_cl_boot07_1_cxYDXiQ.png",
        "ppoi": "0.5x0.5",
        "alt": "",
        "type": "IMAGE",
        "external_url": null,
        "oembed_data": {}
    }
},
{
    "model": "product.productmedia",
    "pk": 32,
    "fields": {
        "sort_order": 1,
        "product": 89,
        "image": "products/saleordemoproduct_cl_boot07_2_yujfhKi.png",
        "ppoi": "0.5x0.5",
        "alt": "",
        "type": "IMAGE",
        "external_url": null,
        "oembed_data": {}
    }
},
{
    "model": "product.productmedia",
    "pk": 33,
    "fields": {
        "sort_order": 0,
        "product": 107,
        "image": "products/saleordemoproduct_cl_polo01_DjA2bfB.png",
        "ppoi": "0.5x0.5",
        "alt": "",
        "type": "IMAGE",
        "external_url": null,
        "oembed_data": {}
    }
},
{
    "model": "product.productmedia",
    "pk": 34,
    "fields": {
        "sort_order": 0,
        "product": 108,
        "image": "products/saleordemoproduct_cl_polo02_XP8VlWJ.png",
        "ppoi": "0.5x0.5",
        "alt": "",
        "type": "IMAGE",
        "external_url": null,
        "oembed_data": {}
    }
},
{
    "model": "product.productmedia",
    "pk": 35,
    "fields": {
        "sort_order": 0,
        "product": 109,
        "image": "products/saleordemoproduct_cl_polo03-woman_2oZTyxu.png",
        "ppoi": "0.5x0.5",
        "alt": "",
        "type": "IMAGE",
        "external_url": null,
        "oembed_data": {}
    }
},
{
    "model": "product.productmedia",
    "pk": 36,
    "fields": {
        "sort_order": 0,
        "product": 110,
        "image": "products/saleordemoproduct_cl_polo04-woman_HTajTP2.png",
        "ppoi": "0.5x0.5",
        "alt": "",
        "type": "IMAGE",
        "external_url": null,
        "oembed_data": {}
    }
},
{
    "model": "product.productmedia",
    "pk": 37,
    "fields": {
        "sort_order": 0,
        "product": 111,
        "image": "products/saleordemoproduct_cl_boot01_1_EwS3Tz4.png",
        "ppoi": "0.5x0.5",
        "alt": "",
        "type": "IMAGE",
        "external_url": null,
        "oembed_data": {}
    }
},
{
    "model": "product.productmedia",
    "pk": 38,
    "fields": {
        "sort_order": 1,
        "product": 111,
        "image": "products/saleordemoproduct_cl_boot01_2_CD9zIUS.png",
        "ppoi": "0.5x0.5",
        "alt": "",
        "type": "IMAGE",
        "external_url": null,
        "oembed_data": {}
    }
},
{
    "model": "product.productmedia",
    "pk": 39,
    "fields": {
        "sort_order": 2,
        "product": 111,
        "image": "products/saleordemoproduct_cl_boot01_3_liVr7eM.png",
        "ppoi": "0.5x0.5",
        "alt": "",
        "type": "IMAGE",
        "external_url": null,
        "oembed_data": {}
    }
},
{
    "model": "product.productmedia",
    "pk": 40,
    "fields": {
        "sort_order": 0,
        "product": 112,
        "image": "products/saleordemoproduct_cl_boot03_1_yM4bxkl.png",
        "ppoi": "0.5x0.5",
        "alt": "",
        "type": "IMAGE",
        "external_url": null,
        "oembed_data": {}
    }
},
{
    "model": "product.productmedia",
    "pk": 41,
    "fields": {
        "sort_order": 1,
        "product": 112,
        "image": "products/saleordemoproduct_cl_boot03_2_NdPNccl.png",
        "ppoi": "0.5x0.5",
        "alt": "",
        "type": "IMAGE",
        "external_url": null,
        "oembed_data": {}
    }
},
{
    "model": "product.productmedia",
    "pk": 42,
    "fields": {
        "sort_order": 0,
        "product": 113,
        "image": "products/saleordemoproduct_cl_boot06_1_vlY6Nf8.png",
        "ppoi": "0.5x0.5",
        "alt": "",
        "type": "IMAGE",
        "external_url": null,
        "oembed_data": {}
    }
},
{
    "model": "product.productmedia",
    "pk": 43,
    "fields": {
        "sort_order": 1,
        "product": 113,
        "image": "products/saleordemoproduct_cl_boot06_2_6UtQK4W.png",
        "ppoi": "0.5x0.5",
        "alt": "",
        "type": "IMAGE",
        "external_url": null,
        "oembed_data": {}
    }
},
{
    "model": "product.productmedia",
    "pk": 44,
    "fields": {
        "sort_order": 0,
        "product": 114,
        "image": "products/saleordemoproduct_cl_boot06_1_By07mtT.png",
        "ppoi": "0.5x0.5",
        "alt": "",
        "type": "IMAGE",
        "external_url": null,
        "oembed_data": {}
    }
},
{
    "model": "product.productmedia",
    "pk": 45,
    "fields": {
        "sort_order": 1,
        "product": 114,
        "image": "products/saleordemoproduct_cl_boot06_2_SPpwgSD.png",
        "ppoi": "0.5x0.5",
        "alt": "",
        "type": "IMAGE",
        "external_url": null,
        "oembed_data": {}
    }
},
{
    "model": "product.productmedia",
    "pk": 46,
    "fields": {
        "sort_order": 0,
        "product": 115,
        "image": "products/saleordemoproduct_cl_bogo01_1_W9T2YGR.png",
        "ppoi": "0.5x0.5",
        "alt": "",
        "type": "IMAGE",
        "external_url": null,
        "oembed_data": {}
    }
},
{
    "model": "product.productmedia",
    "pk": 47,
    "fields": {
        "sort_order": 0,
        "product": 116,
        "image": "products/saleordemoproduct_cl_bogo02_1_ls8KuZV.png",
        "ppoi": "0.5x0.5",
        "alt": "",
        "type": "IMAGE",
        "external_url": null,
        "oembed_data": {}
    }
},
{
    "model": "product.productmedia",
    "pk": 48,
    "fields": {
        "sort_order": 0,
        "product": 117,
        "image": "products/saleordemoproduct_cl_bogo03_1_JSmZu7d.png",
        "ppoi": "0.5x0.5",
        "alt": "",
        "type": "IMAGE",
        "external_url": null,
        "oembed_data": {}
    }
},
{
    "model": "product.productmedia",
    "pk": 49,
    "fields": {
        "sort_order": 0,
        "product": 118,
        "image": "products/saleordemoproduct_cl_bogo04_1_eRjXANR.png",
        "ppoi": "0.5x0.5",
        "alt": "",
        "type": "IMAGE",
        "external_url": null,
        "oembed_data": {}
    }
},
{
    "model": "product.productmedia",
    "pk": 50,
    "fields": {
        "sort_order": 1,
        "product": 118,
        "image": "products/saleordemoproduct_cl_bogo04_2_53MRFSZ.png",
        "ppoi": "0.5x0.5",
        "alt": "",
        "type": "IMAGE",
        "external_url": null,
        "oembed_data": {}
    }
},
{
    "model": "product.productmedia",
    "pk": 51,
    "fields": {
        "sort_order": 0,
        "product": 119,
        "image": "products/saleor-digital-03_1_Ed1MtF9.png",
        "ppoi": "0.5x0.5",
        "alt": "",
        "type": "IMAGE",
        "external_url": null,
        "oembed_data": {}
    }
},
{
    "model": "product.productmedia",
    "pk": 52,
    "fields": {
        "sort_order": 0,
        "product": 120,
        "image": "products/saleor-digital-03_2_WJiTD5g.png",
        "ppoi": "0.5x0.5",
        "alt": "",
        "type": "IMAGE",
        "external_url": null,
        "oembed_data": {}
    }
},
{
    "model": "product.productmedia",
    "pk": 53,
    "fields": {
        "sort_order": 0,
        "product": 121,
        "image": "products/saleor-digital-03_3_ZhWvxcd.png",
        "ppoi": "0.5x0.5",
        "alt": "",
        "type": "IMAGE",
        "external_url": null,
        "oembed_data": {}
    }
},
{
    "model": "product.productmedia",
    "pk": 54,
    "fields": {
        "sort_order": 0,
        "product": 122,
        "image": "products/saleor-digital-03_4_eYcyrqz.png",
        "ppoi": "0.5x0.5",
        "alt": "",
        "type": "IMAGE",
        "external_url": null,
        "oembed_data": {}
    }
},
{
    "model": "product.productmedia",
    "pk": 55,
    "fields": {
        "sort_order": 0,
        "product": 123,
        "image": "products/saleor-digital-03_5_UPSDIz0.png",
        "ppoi": "0.5x0.5",
        "alt": "",
        "type": "IMAGE",
        "external_url": null,
        "oembed_data": {}
    }
},
{
    "model": "product.productmedia",
    "pk": 56,
    "fields": {
        "sort_order": 0,
        "product": 124,
        "image": "products/saleor-digital-03_6_ALfyFoQ.png",
        "ppoi": "0.5x0.5",
        "alt": "",
        "type": "IMAGE",
        "external_url": null,
        "oembed_data": {}
    }
},
{
    "model": "product.variantmedia",
    "pk": 1,
    "fields": {
        "variant": 171,
        "media": 1
    }
},
{
    "model": "product.variantmedia",
    "pk": 2,
    "fields": {
        "variant": 172,
        "media": 1
    }
},
{
    "model": "product.variantmedia",
    "pk": 3,
    "fields": {
        "variant": 173,
        "media": 1
    }
},
{
    "model": "product.variantmedia",
    "pk": 4,
    "fields": {
        "variant": 174,
        "media": 2
    }
},
{
    "model": "product.variantmedia",
    "pk": 5,
    "fields": {
        "variant": 175,
        "media": 2
    }
},
{
    "model": "product.variantmedia",
    "pk": 6,
    "fields": {
        "variant": 176,
        "media": 2
    }
},
{
    "model": "product.variantmedia",
    "pk": 7,
    "fields": {
        "variant": 177,
        "media": 3
    }
},
{
    "model": "product.variantmedia",
    "pk": 8,
    "fields": {
        "variant": 178,
        "media": 3
    }
},
{
    "model": "product.variantmedia",
    "pk": 9,
    "fields": {
        "variant": 179,
        "media": 3
    }
},
{
    "model": "product.variantmedia",
    "pk": 10,
    "fields": {
        "variant": 180,
        "media": 4
    }
},
{
    "model": "product.variantmedia",
    "pk": 11,
    "fields": {
        "variant": 181,
        "media": 4
    }
},
{
    "model": "product.variantmedia",
    "pk": 12,
    "fields": {
        "variant": 182,
        "media": 4
    }
},
{
    "model": "product.variantmedia",
    "pk": 13,
    "fields": {
        "variant": 183,
        "media": 5
    }
},
{
    "model": "product.variantmedia",
    "pk": 14,
    "fields": {
        "variant": 184,
        "media": 5
    }
},
{
    "model": "product.variantmedia",
    "pk": 15,
    "fields": {
        "variant": 185,
        "media": 5
    }
},
{
    "model": "product.variantmedia",
    "pk": 16,
    "fields": {
        "variant": 190,
        "media": 6
    }
},
{
    "model": "product.variantmedia",
    "pk": 17,
    "fields": {
        "variant": 191,
        "media": 6
    }
},
{
    "model": "product.variantmedia",
    "pk": 18,
    "fields": {
        "variant": 192,
        "media": 6
    }
},
{
    "model": "product.variantmedia",
    "pk": 19,
    "fields": {
        "variant": 193,
        "media": 15
    }
},
{
    "model": "product.variantmedia",
    "pk": 20,
    "fields": {
        "variant": 194,
        "media": 16
    }
},
{
    "model": "product.variantmedia",
    "pk": 21,
    "fields": {
        "variant": 195,
        "media": 17
    }
},
{
    "model": "product.variantmedia",
    "pk": 22,
    "fields": {
        "variant": 196,
        "media": 19
    }
},
{
    "model": "product.variantmedia",
    "pk": 23,
    "fields": {
        "variant": 197,
        "media": 21
    }
},
{
    "model": "product.variantmedia",
    "pk": 24,
    "fields": {
        "variant": 198,
        "media": 21
    }
},
{
    "model": "product.variantmedia",
    "pk": 25,
    "fields": {
        "variant": 199,
        "media": 22
    }
},
{
    "model": "product.variantmedia",
    "pk": 26,
    "fields": {
        "variant": 200,
        "media": 22
    }
},
{
    "model": "product.variantmedia",
    "pk": 27,
    "fields": {
        "variant": 202,
        "media": 7
    }
},
{
    "model": "product.variantmedia",
    "pk": 28,
    "fields": {
        "variant": 203,
        "media": 7
    }
},
{
    "model": "product.variantmedia",
    "pk": 29,
    "fields": {
        "variant": 204,
        "media": 7
    }
},
{
    "model": "product.variantmedia",
    "pk": 30,
    "fields": {
        "variant": 205,
        "media": 8
    }
},
{
    "model": "product.variantmedia",
    "pk": 31,
    "fields": {
        "variant": 206,
        "media": 8
    }
},
{
    "model": "product.variantmedia",
    "pk": 32,
    "fields": {
        "variant": 207,
        "media": 8
    }
},
{
    "model": "product.variantmedia",
    "pk": 33,
    "fields": {
        "variant": 208,
        "media": 9
    }
},
{
    "model": "product.variantmedia",
    "pk": 34,
    "fields": {
        "variant": 209,
        "media": 9
    }
},
{
    "model": "product.variantmedia",
    "pk": 35,
    "fields": {
        "variant": 210,
        "media": 9
    }
},
{
    "model": "product.variantmedia",
    "pk": 36,
    "fields": {
        "variant": 211,
        "media": 10
    }
},
{
    "model": "product.variantmedia",
    "pk": 37,
    "fields": {
        "variant": 212,
        "media": 10
    }
},
{
    "model": "product.variantmedia",
    "pk": 38,
    "fields": {
        "variant": 213,
        "media": 10
    }
},
{
    "model": "product.variantmedia",
    "pk": 39,
    "fields": {
        "variant": 214,
        "media": 11
    }
},
{
    "model": "product.variantmedia",
    "pk": 40,
    "fields": {
        "variant": 215,
        "media": 11
    }
},
{
    "model": "product.variantmedia",
    "pk": 41,
    "fields": {
        "variant": 216,
        "media": 11
    }
},
{
    "model": "product.variantmedia",
    "pk": 42,
    "fields": {
        "variant": 217,
        "media": 12
    }
},
{
    "model": "product.variantmedia",
    "pk": 43,
    "fields": {
        "variant": 218,
        "media": 12
    }
},
{
    "model": "product.variantmedia",
    "pk": 44,
    "fields": {
        "variant": 219,
        "media": 12
    }
},
{
    "model": "product.variantmedia",
    "pk": 45,
    "fields": {
        "variant": 220,
        "media": 13
    }
},
{
    "model": "product.variantmedia",
    "pk": 46,
    "fields": {
        "variant": 221,
        "media": 13
    }
},
{
    "model": "product.variantmedia",
    "pk": 47,
    "fields": {
        "variant": 222,
        "media": 13
    }
},
{
    "model": "product.variantmedia",
    "pk": 48,
    "fields": {
        "variant": 223,
        "media": 14
    }
},
{
    "model": "product.variantmedia",
    "pk": 49,
    "fields": {
        "variant": 224,
        "media": 14
    }
},
{
    "model": "product.variantmedia",
    "pk": 50,
    "fields": {
        "variant": 225,
        "media": 14
    }
},
{
    "model": "product.variantmedia",
    "pk": 51,
    "fields": {
        "variant": 242,
        "media": 23
    }
},
{
    "model": "product.variantmedia",
    "pk": 52,
    "fields": {
        "variant": 243,
        "media": 23
    }
},
{
    "model": "product.variantmedia",
    "pk": 53,
    "fields": {
        "variant": 244,
        "media": 23
    }
},
{
    "model": "product.variantmedia",
    "pk": 54,
    "fields": {
        "variant": 245,
        "media": 23
    }
},
{
    "model": "product.variantmedia",
    "pk": 55,
    "fields": {
        "variant": 246,
        "media": 23
    }
},
{
    "model": "product.variantmedia",
    "pk": 56,
    "fields": {
        "variant": 247,
        "media": 27
    }
},
{
    "model": "product.variantmedia",
    "pk": 57,
    "fields": {
        "variant": 248,
        "media": 27
    }
},
{
    "model": "product.variantmedia",
    "pk": 58,
    "fields": {
        "variant": 249,
        "media": 27
    }
},
{
    "model": "product.variantmedia",
    "pk": 59,
    "fields": {
        "variant": 250,
        "media": 27
    }
},
{
    "model": "product.variantmedia",
    "pk": 60,
    "fields": {
        "variant": 251,
        "media": 31
    }
},
{
    "model": "product.variantmedia",
    "pk": 61,
    "fields": {
        "variant": 252,
        "media": 31
    }
},
{
    "model": "product.variantmedia",
    "pk": 62,
    "fields": {
        "variant": 253,
        "media": 31
    }
},
{
    "model": "product.variantmedia",
    "pk": 63,
    "fields": {
        "variant": 254,
        "media": 31
    }
},
{
    "model": "product.variantmedia",
    "pk": 64,
    "fields": {
        "variant": 255,
        "media": 31
    }
},
{
    "model": "product.variantmedia",
    "pk": 65,
    "fields": {
        "variant": 256,
        "media": 33
    }
},
{
    "model": "product.variantmedia",
    "pk": 66,
    "fields": {
        "variant": 257,
        "media": 33
    }
},
{
    "model": "product.variantmedia",
    "pk": 67,
    "fields": {
        "variant": 258,
        "media": 33
    }
},
{
    "model": "product.variantmedia",
    "pk": 68,
    "fields": {
        "variant": 259,
        "media": 33
    }
},
{
    "model": "product.variantmedia",
    "pk": 69,
    "fields": {
        "variant": 260,
        "media": 33
    }
},
{
    "model": "product.variantmedia",
    "pk": 70,
    "fields": {
        "variant": 261,
        "media": 34
    }
},
{
    "model": "product.variantmedia",
    "pk": 71,
    "fields": {
        "variant": 262,
        "media": 34
    }
},
{
    "model": "product.variantmedia",
    "pk": 72,
    "fields": {
        "variant": 263,
        "media": 34
    }
},
{
    "model": "product.variantmedia",
    "pk": 73,
    "fields": {
        "variant": 264,
        "media": 34
    }
},
{
    "model": "product.variantmedia",
    "pk": 74,
    "fields": {
        "variant": 265,
        "media": 34
    }
},
{
    "model": "product.variantmedia",
    "pk": 75,
    "fields": {
        "variant": 266,
        "media": 35
    }
},
{
    "model": "product.variantmedia",
    "pk": 76,
    "fields": {
        "variant": 267,
        "media": 35
    }
},
{
    "model": "product.variantmedia",
    "pk": 77,
    "fields": {
        "variant": 268,
        "media": 35
    }
},
{
    "model": "product.variantmedia",
    "pk": 78,
    "fields": {
        "variant": 269,
        "media": 35
    }
},
{
    "model": "product.variantmedia",
    "pk": 79,
    "fields": {
        "variant": 270,
        "media": 35
    }
},
{
    "model": "product.variantmedia",
    "pk": 80,
    "fields": {
        "variant": 271,
        "media": 36
    }
},
{
    "model": "product.variantmedia",
    "pk": 81,
    "fields": {
        "variant": 272,
        "media": 36
    }
},
{
    "model": "product.variantmedia",
    "pk": 82,
    "fields": {
        "variant": 273,
        "media": 36
    }
},
{
    "model": "product.variantmedia",
    "pk": 83,
    "fields": {
        "variant": 274,
        "media": 36
    }
},
{
    "model": "product.variantmedia",
    "pk": 84,
    "fields": {
        "variant": 275,
        "media": 36
    }
},
{
    "model": "product.variantmedia",
    "pk": 85,
    "fields": {
        "variant": 276,
        "media": 37
    }
},
{
    "model": "product.variantmedia",
    "pk": 86,
    "fields": {
        "variant": 277,
        "media": 37
    }
},
{
    "model": "product.variantmedia",
    "pk": 87,
    "fields": {
        "variant": 278,
        "media": 37
    }
},
{
    "model": "product.variantmedia",
    "pk": 88,
    "fields": {
        "variant": 279,
        "media": 37
    }
},
{
    "model": "product.variantmedia",
    "pk": 89,
    "fields": {
        "variant": 280,
        "media": 37
    }
},
{
    "model": "product.variantmedia",
    "pk": 90,
    "fields": {
        "variant": 281,
        "media": 40
    }
},
{
    "model": "product.variantmedia",
    "pk": 91,
    "fields": {
        "variant": 282,
        "media": 40
    }
},
{
    "model": "product.variantmedia",
    "pk": 92,
    "fields": {
        "variant": 283,
        "media": 40
    }
},
{
    "model": "product.variantmedia",
    "pk": 93,
    "fields": {
        "variant": 284,
        "media": 40
    }
},
{
    "model": "product.variantmedia",
    "pk": 94,
    "fields": {
        "variant": 285,
        "media": 40
    }
},
{
    "model": "product.variantmedia",
    "pk": 95,
    "fields": {
        "variant": 286,
        "media": 42
    }
},
{
    "model": "product.variantmedia",
    "pk": 96,
    "fields": {
        "variant": 287,
        "media": 42
    }
},
{
    "model": "product.variantmedia",
    "pk": 97,
    "fields": {
        "variant": 288,
        "media": 42
    }
},
{
    "model": "product.variantmedia",
    "pk": 98,
    "fields": {
        "variant": 289,
        "media": 42
    }
},
{
    "model": "product.variantmedia",
    "pk": 99,
    "fields": {
        "variant": 290,
        "media": 42
    }
},
{
    "model": "product.variantmedia",
    "pk": 100,
    "fields": {
        "variant": 291,
        "media": 44
    }
},
{
    "model": "product.variantmedia",
    "pk": 101,
    "fields": {
        "variant": 292,
        "media": 44
    }
},
{
    "model": "product.variantmedia",
    "pk": 102,
    "fields": {
        "variant": 293,
        "media": 44
    }
},
{
    "model": "product.variantmedia",
    "pk": 103,
    "fields": {
        "variant": 294,
        "media": 44
    }
},
{
    "model": "product.variantmedia",
    "pk": 104,
    "fields": {
        "variant": 295,
        "media": 44
    }
},
{
    "model": "product.variantmedia",
    "pk": 105,
    "fields": {
        "variant": 296,
        "media": 46
    }
},
{
    "model": "product.variantmedia",
    "pk": 106,
    "fields": {
        "variant": 297,
        "media": 46
    }
},
{
    "model": "product.variantmedia",
    "pk": 107,
    "fields": {
        "variant": 298,
        "media": 46
    }
},
{
    "model": "product.variantmedia",
    "pk": 108,
    "fields": {
        "variant": 299,
        "media": 46
    }
},
{
    "model": "product.variantmedia",
    "pk": 109,
    "fields": {
        "variant": 300,
        "media": 46
    }
},
{
    "model": "product.variantmedia",
    "pk": 110,
    "fields": {
        "variant": 301,
        "media": 47
    }
},
{
    "model": "product.variantmedia",
    "pk": 111,
    "fields": {
        "variant": 302,
        "media": 47
    }
},
{
    "model": "product.variantmedia",
    "pk": 112,
    "fields": {
        "variant": 303,
        "media": 47
    }
},
{
    "model": "product.variantmedia",
    "pk": 113,
    "fields": {
        "variant": 304,
        "media": 47
    }
},
{
    "model": "product.variantmedia",
    "pk": 114,
    "fields": {
        "variant": 305,
        "media": 47
    }
},
{
    "model": "product.variantmedia",
    "pk": 115,
    "fields": {
        "variant": 306,
        "media": 48
    }
},
{
    "model": "product.variantmedia",
    "pk": 116,
    "fields": {
        "variant": 307,
        "media": 48
    }
},
{
    "model": "product.variantmedia",
    "pk": 117,
    "fields": {
        "variant": 308,
        "media": 48
    }
},
{
    "model": "product.variantmedia",
    "pk": 118,
    "fields": {
        "variant": 309,
        "media": 48
    }
},
{
    "model": "product.variantmedia",
    "pk": 119,
    "fields": {
        "variant": 310,
        "media": 48
    }
},
{
    "model": "product.variantmedia",
    "pk": 120,
    "fields": {
        "variant": 311,
        "media": 49
    }
},
{
    "model": "product.variantmedia",
    "pk": 121,
    "fields": {
        "variant": 312,
        "media": 49
    }
},
{
    "model": "product.variantmedia",
    "pk": 122,
    "fields": {
        "variant": 313,
        "media": 49
    }
},
{
    "model": "product.variantmedia",
    "pk": 123,
    "fields": {
        "variant": 314,
        "media": 49
    }
},
{
    "model": "product.variantmedia",
    "pk": 124,
    "fields": {
        "variant": 315,
        "media": 49
    }
},
{
    "model": "product.variantmedia",
    "pk": 125,
    "fields": {
        "variant": 316,
        "media": 51
    }
},
{
    "model": "product.variantmedia",
    "pk": 126,
    "fields": {
        "variant": 317,
        "media": 52
    }
},
{
    "model": "product.variantmedia",
    "pk": 127,
    "fields": {
        "variant": 318,
        "media": 53
    }
},
{
    "model": "product.variantmedia",
    "pk": 128,
    "fields": {
        "variant": 319,
        "media": 54
    }
},
{
    "model": "product.variantmedia",
    "pk": 129,
    "fields": {
        "variant": 320,
        "media": 55
    }
},
{
    "model": "product.variantmedia",
    "pk": 130,
    "fields": {
        "variant": 321,
        "media": 56
    }
},
{
    "model": "attribute.attribute",
    "pk": 13,
    "fields": {
        "private_metadata": {},
        "metadata": {},
        "slug": "size",
        "name": "Size",
        "type": "product-type",
        "input_type": "dropdown",
        "entity_type": null,
        "unit": null,
        "value_required": false,
        "is_variant_only": false,
        "visible_in_storefront": true,
        "filterable_in_storefront": true,
        "filterable_in_dashboard": false,
        "storefront_search_position": 0,
        "available_in_grid": true
    }
},
{
    "model": "attribute.attribute",
    "pk": 14,
    "fields": {
        "private_metadata": {},
        "metadata": {},
        "slug": "color",
        "name": "Color",
        "type": "product-type",
        "input_type": "dropdown",
        "entity_type": null,
        "unit": null,
        "value_required": false,
        "is_variant_only": false,
        "visible_in_storefront": true,
        "filterable_in_storefront": true,
        "filterable_in_dashboard": false,
        "storefront_search_position": 0,
        "available_in_grid": true
    }
},
{
    "model": "attribute.attribute",
    "pk": 15,
    "fields": {
        "private_metadata": {},
        "metadata": {},
        "slug": "bottle-size",
        "name": "Bottle Size",
        "type": "product-type",
        "input_type": "dropdown",
        "entity_type": null,
        "unit": null,
        "value_required": false,
        "is_variant_only": false,
        "visible_in_storefront": true,
        "filterable_in_storefront": true,
        "filterable_in_dashboard": true,
        "storefront_search_position": 0,
        "available_in_grid": true
    }
},
{
    "model": "attribute.attribute",
    "pk": 16,
    "fields": {
        "private_metadata": {},
        "metadata": {},
        "slug": "flavor",
        "name": "Flavor",
        "type": "product-type",
        "input_type": "dropdown",
        "entity_type": null,
        "unit": null,
        "value_required": false,
        "is_variant_only": false,
        "visible_in_storefront": true,
        "filterable_in_storefront": true,
        "filterable_in_dashboard": false,
        "storefront_search_position": 0,
        "available_in_grid": true
    }
},
{
    "model": "attribute.attribute",
    "pk": 18,
    "fields": {
        "private_metadata": {},
        "metadata": {},
        "slug": "bucket-size",
        "name": "Bucket Size",
        "type": "product-type",
        "input_type": "dropdown",
        "entity_type": null,
        "unit": null,
        "value_required": false,
        "is_variant_only": false,
        "visible_in_storefront": true,
        "filterable_in_storefront": true,
        "filterable_in_dashboard": false,
        "storefront_search_position": 0,
        "available_in_grid": true
    }
},
{
    "model": "attribute.attribute",
    "pk": 19,
    "fields": {
        "private_metadata": {},
        "metadata": {},
        "slug": "medium",
        "name": "Medium",
        "type": "product-type",
        "input_type": "dropdown",
        "entity_type": null,
        "unit": null,
        "value_required": false,
        "is_variant_only": false,
        "visible_in_storefront": true,
        "filterable_in_storefront": true,
        "filterable_in_dashboard": false,
        "storefront_search_position": 0,
        "available_in_grid": true
    }
},
{
    "model": "attribute.attribute",
    "pk": 20,
    "fields": {
        "private_metadata": {},
        "metadata": {},
        "slug": "volume",
        "name": "Volume",
        "type": "product-type",
        "input_type": "dropdown",
        "entity_type": null,
        "unit": null,
        "value_required": false,
        "is_variant_only": false,
        "visible_in_storefront": true,
        "filterable_in_storefront": true,
        "filterable_in_dashboard": false,
        "storefront_search_position": 0,
        "available_in_grid": true
    }
},
{
    "model": "attribute.attribute",
    "pk": 21,
    "fields": {
        "private_metadata": {},
        "metadata": {},
        "slug": "abv",
        "name": "ABV",
        "type": "product-type",
        "input_type": "dropdown",
        "entity_type": null,
        "unit": null,
        "value_required": false,
        "is_variant_only": false,
        "visible_in_storefront": true,
        "filterable_in_storefront": true,
        "filterable_in_dashboard": false,
        "storefront_search_position": 0,
        "available_in_grid": true
    }
},
{
    "model": "attribute.attribute",
    "pk": 22,
    "fields": {
        "private_metadata": {},
        "metadata": {},
        "slug": "cushion-size",
        "name": "Cushion Size",
        "type": "product-type",
        "input_type": "dropdown",
        "entity_type": null,
        "unit": null,
        "value_required": false,
        "is_variant_only": false,
        "visible_in_storefront": true,
        "filterable_in_storefront": true,
        "filterable_in_dashboard": false,
        "storefront_search_position": 0,
        "available_in_grid": true
    }
},
{
    "model": "attribute.attribute",
    "pk": 23,
    "fields": {
        "private_metadata": {},
        "metadata": {},
        "slug": "material",
        "name": "Material",
        "type": "product-type",
        "input_type": "dropdown",
        "entity_type": null,
        "unit": null,
        "value_required": false,
        "is_variant_only": false,
        "visible_in_storefront": true,
        "filterable_in_storefront": true,
        "filterable_in_dashboard": true,
        "storefront_search_position": 0,
        "available_in_grid": true
    }
},
{
    "model": "attribute.attribute",
    "pk": 24,
    "fields": {
        "private_metadata": {},
        "metadata": {},
        "slug": "shoe-size",
        "name": "Shoe size",
        "type": "product-type",
        "input_type": "dropdown",
        "entity_type": null,
        "unit": null,
        "value_required": false,
        "is_variant_only": false,
        "visible_in_storefront": true,
        "filterable_in_storefront": true,
        "filterable_in_dashboard": false,
        "storefront_search_position": 0,
        "available_in_grid": true
    }
},
{
    "model": "attribute.attribute",
    "pk": 25,
    "fields": {
        "private_metadata": {},
        "metadata": {},
        "slug": "ebook-format",
        "name": "Format",
        "type": "product-type",
        "input_type": "dropdown",
        "entity_type": null,
        "unit": null,
        "value_required": true,
        "is_variant_only": false,
        "visible_in_storefront": true,
        "filterable_in_storefront": true,
        "filterable_in_dashboard": true,
        "storefront_search_position": 0,
        "available_in_grid": true
    }
},
{
    "model": "attribute.attribute",
    "pk": 26,
    "fields": {
        "private_metadata": {},
        "metadata": {},
        "slug": "publisher",
        "name": "Publisher",
        "type": "product-type",
        "input_type": "dropdown",
        "entity_type": null,
        "unit": null,
        "value_required": false,
        "is_variant_only": false,
        "visible_in_storefront": true,
        "filterable_in_storefront": true,
        "filterable_in_dashboard": true,
        "storefront_search_position": 0,
        "available_in_grid": true
    }
},
{
    "model": "attribute.attribute",
    "pk": 27,
    "fields": {
        "private_metadata": {},
        "metadata": {},
        "slug": "author",
        "name": "Author",
        "type": "page-type",
        "input_type": "dropdown",
        "entity_type": null,
        "unit": null,
        "value_required": false,
        "is_variant_only": false,
        "visible_in_storefront": true,
        "filterable_in_storefront": true,
        "filterable_in_dashboard": true,
        "storefront_search_position": 0,
        "available_in_grid": true
    }
},
{
    "model": "attribute.attribute",
    "pk": 29,
    "fields": {
        "private_metadata": {},
        "metadata": {},
        "slug": "tag",
        "name": "Tag",
        "type": "page-type",
        "input_type": "multiselect",
        "entity_type": null,
        "unit": null,
        "value_required": false,
        "is_variant_only": false,
        "visible_in_storefront": true,
        "filterable_in_storefront": true,
        "filterable_in_dashboard": true,
        "storefront_search_position": 0,
        "available_in_grid": true
    }
},
{
    "model": "attribute.attribute",
    "pk": 30,
    "fields": {
        "private_metadata": {},
        "metadata": {},
        "slug": "details",
        "name": "Details",
        "type": "product-type",
        "input_type": "reference",
        "entity_type": "Page",
        "unit": null,
        "value_required": false,
        "is_variant_only": false,
        "visible_in_storefront": true,
        "filterable_in_storefront": true,
        "filterable_in_dashboard": true,
        "storefront_search_position": 0,
        "available_in_grid": true
    }
},
{
    "model": "attribute.attribute",
    "pk": 31,
    "fields": {
        "private_metadata": {},
        "metadata": {},
        "slug": "related-products",
        "name": "Related products",
        "type": "product-type",
        "input_type": "reference",
        "entity_type": "Product",
        "unit": null,
        "value_required": false,
        "is_variant_only": false,
        "visible_in_storefront": true,
        "filterable_in_storefront": false,
        "filterable_in_dashboard": false,
        "storefront_search_position": 0,
        "available_in_grid": false
    }
},
{
    "model": "attribute.attribute",
    "pk": 32,
    "fields": {
        "private_metadata": {},
        "metadata": {},
        "slug": "length",
        "name": "Length",
        "type": "product-type",
        "input_type": "numeric",
        "entity_type": null,
        "unit": "cm",
        "value_required": false,
        "is_variant_only": false,
        "visible_in_storefront": true,
        "filterable_in_storefront": true,
        "filterable_in_dashboard": true,
        "storefront_search_position": 0,
        "available_in_grid": true
    }
},
{
    "model": "attribute.attribute",
    "pk": 33,
    "fields": {
        "private_metadata": {},
        "metadata": {},
        "slug": "width",
        "name": "Width",
        "type": "product-type",
        "input_type": "numeric",
        "entity_type": null,
        "unit": "cm",
        "value_required": false,
        "is_variant_only": false,
        "visible_in_storefront": true,
        "filterable_in_storefront": true,
        "filterable_in_dashboard": true,
        "storefront_search_position": 0,
        "available_in_grid": true
    }
},
{
    "model": "attribute.attribute",
    "pk": 34,
    "fields": {
        "private_metadata": {},
        "metadata": {},
        "slug": "signed",
        "name": "Signed",
        "type": "product-type",
        "input_type": "boolean",
        "entity_type": null,
        "unit": null,
        "value_required": false,
        "is_variant_only": false,
        "visible_in_storefront": true,
        "filterable_in_storefront": false,
        "filterable_in_dashboard": false,
        "storefront_search_position": 0,
        "available_in_grid": false
    }
},
{
    "model": "attribute.attributevalue",
    "pk": 1,
    "fields": {
        "sort_order": 6,
        "name": "Pineapple",
        "value": "",
        "slug": "pineapple",
        "file_url": null,
        "content_type": null,
        "attribute": 16,
        "rich_text": null,
        "boolean": null
    }
},
{
    "model": "attribute.attributevalue",
    "pk": 2,
    "fields": {
        "sort_order": 7,
        "name": "Coconut",
        "value": "",
        "slug": "coconut",
        "file_url": null,
        "content_type": null,
        "attribute": 16,
        "rich_text": null,
        "boolean": null
    }
},
{
    "model": "attribute.attributevalue",
    "pk": 3,
    "fields": {
        "sort_order": 8,
        "name": "Apple",
        "value": "",
        "slug": "apple",
        "file_url": null,
        "content_type": null,
        "attribute": 16,
        "rich_text": null,
        "boolean": null
    }
},
{
    "model": "attribute.attributevalue",
    "pk": 36,
    "fields": {
        "sort_order": 0,
        "name": "S",
        "value": "",
        "slug": "s",
        "file_url": null,
        "content_type": null,
        "attribute": 13,
        "rich_text": null,
        "boolean": null
    }
},
{
    "model": "attribute.attributevalue",
    "pk": 37,
    "fields": {
        "sort_order": 1,
        "name": "M",
        "value": "",
        "slug": "m",
        "file_url": null,
        "content_type": null,
        "attribute": 13,
        "rich_text": null,
        "boolean": null
    }
},
{
    "model": "attribute.attributevalue",
    "pk": 38,
    "fields": {
        "sort_order": 2,
        "name": "L",
        "value": "",
        "slug": "l",
        "file_url": null,
        "content_type": null,
        "attribute": 13,
        "rich_text": null,
        "boolean": null
    }
},
{
    "model": "attribute.attributevalue",
    "pk": 39,
    "fields": {
        "sort_order": 3,
        "name": "XL",
        "value": "",
        "slug": "xl",
        "file_url": null,
        "content_type": null,
        "attribute": 13,
        "rich_text": null,
        "boolean": null
    }
},
{
    "model": "attribute.attributevalue",
    "pk": 40,
    "fields": {
        "sort_order": 4,
        "name": "XXL",
        "value": "",
        "slug": "xxl",
        "file_url": null,
        "content_type": null,
        "attribute": 13,
        "rich_text": null,
        "boolean": null
    }
},
{
    "model": "attribute.attributevalue",
    "pk": 41,
    "fields": {
        "sort_order": 0,
        "name": "White",
        "value": "",
        "slug": "white",
        "file_url": null,
        "content_type": null,
        "attribute": 14,
        "rich_text": null,
        "boolean": null
    }
},
{
    "model": "attribute.attributevalue",
    "pk": 42,
    "fields": {
        "sort_order": 1,
        "name": "Blue",
        "value": "",
        "slug": "blue",
        "file_url": null,
        "content_type": null,
        "attribute": 14,
        "rich_text": null,
        "boolean": null
    }
},
{
    "model": "attribute.attributevalue",
    "pk": 43,
    "fields": {
        "sort_order": 2,
        "name": "Orange",
        "value": "",
        "slug": "orange",
        "file_url": null,
        "content_type": null,
        "attribute": 14,
        "rich_text": null,
        "boolean": null
    }
},
{
    "model": "attribute.attributevalue",
    "pk": 44,
    "fields": {
        "sort_order": 3,
        "name": "Black",
        "value": "",
        "slug": "black",
        "file_url": null,
        "content_type": null,
        "attribute": 14,
        "rich_text": null,
        "boolean": null
    }
},
{
    "model": "attribute.attributevalue",
    "pk": 45,
    "fields": {
        "sort_order": 4,
        "name": "Cyan",
        "value": "",
        "slug": "cyan",
        "file_url": null,
        "content_type": null,
        "attribute": 14,
        "rich_text": null,
        "boolean": null
    }
},
{
    "model": "attribute.attributevalue",
    "pk": 46,
    "fields": {
        "sort_order": 0,
        "name": "500ml",
        "value": "",
        "slug": "500ml",
        "file_url": null,
        "content_type": null,
        "attribute": 15,
        "rich_text": null,
        "boolean": null
    }
},
{
    "model": "attribute.attributevalue",
    "pk": 47,
    "fields": {
        "sort_order": 1,
        "name": "1l",
        "value": "",
        "slug": "1l",
        "file_url": null,
        "content_type": null,
        "attribute": 15,
        "rich_text": null,
        "boolean": null
    }
},
{
    "model": "attribute.attributevalue",
    "pk": 48,
    "fields": {
        "sort_order": 2,
        "name": "2l",
        "value": "",
        "slug": "2l",
        "file_url": null,
        "content_type": null,
        "attribute": 15,
        "rich_text": null,
        "boolean": null
    }
},
{
    "model": "attribute.attributevalue",
    "pk": 49,
    "fields": {
        "sort_order": 0,
        "name": "Orange",
        "value": "",
        "slug": "orange",
        "file_url": null,
        "content_type": null,
        "attribute": 16,
        "rich_text": null,
        "boolean": null
    }
},
{
    "model": "attribute.attributevalue",
    "pk": 50,
    "fields": {
        "sort_order": 1,
        "name": "Banana",
        "value": "",
        "slug": "banana",
        "file_url": null,
        "content_type": null,
        "attribute": 16,
        "rich_text": null,
        "boolean": null
    }
},
{
    "model": "attribute.attributevalue",
    "pk": 51,
    "fields": {
        "sort_order": 2,
        "name": "Bean",
        "value": "",
        "slug": "bean",
        "file_url": null,
        "content_type": null,
        "attribute": 16,
        "rich_text": null,
        "boolean": null
    }
},
{
    "model": "attribute.attributevalue",
    "pk": 52,
    "fields": {
        "sort_order": 3,
        "name": "Carrot",
        "value": "",
        "slug": "carrot",
        "file_url": null,
        "content_type": null,
        "attribute": 16,
        "rich_text": null,
        "boolean": null
    }
},
{
    "model": "attribute.attributevalue",
    "pk": 53,
    "fields": {
        "sort_order": 4,
        "name": "Sprouty",
        "value": "",
        "slug": "sprouty",
        "file_url": null,
        "content_type": null,
        "attribute": 16,
        "rich_text": null,
        "boolean": null
    }
},
{
    "model": "attribute.attributevalue",
    "pk": 54,
    "fields": {
        "sort_order": 5,
        "name": "Salty, like the tears of your enemy",
        "value": "",
        "slug": "salty-like-the-tears-of-your-enemy",
        "file_url": null,
        "content_type": null,
        "attribute": 16,
        "rich_text": null,
        "boolean": null
    }
},
{
    "model": "attribute.attributevalue",
    "pk": 60,
    "fields": {
        "sort_order": 0,
        "name": "1l",
        "value": "",
        "slug": "1l",
        "file_url": null,
        "content_type": null,
        "attribute": 18,
        "rich_text": null,
        "boolean": null
    }
},
{
    "model": "attribute.attributevalue",
    "pk": 61,
    "fields": {
        "sort_order": 1,
        "name": "2.5l",
        "value": "",
        "slug": "25l",
        "file_url": null,
        "content_type": null,
        "attribute": 18,
        "rich_text": null,
        "boolean": null
    }
},
{
    "model": "attribute.attributevalue",
    "pk": 62,
    "fields": {
        "sort_order": 2,
        "name": "5l",
        "value": "",
        "slug": "5l",
        "file_url": null,
        "content_type": null,
        "attribute": 18,
        "rich_text": null,
        "boolean": null
    }
},
{
    "model": "attribute.attributevalue",
    "pk": 63,
    "fields": {
        "sort_order": 0,
        "name": "Vinyl",
        "value": "",
        "slug": "vinyl",
        "file_url": null,
        "content_type": null,
        "attribute": 19,
        "rich_text": null,
        "boolean": null
    }
},
{
    "model": "attribute.attributevalue",
    "pk": 64,
    "fields": {
        "sort_order": 1,
        "name": "DVD",
        "value": "",
        "slug": "dvd",
        "file_url": null,
        "content_type": null,
        "attribute": 19,
        "rich_text": null,
        "boolean": null
    }
},
{
    "model": "attribute.attributevalue",
    "pk": 65,
    "fields": {
        "sort_order": 2,
        "name": "VHS",
        "value": "",
        "slug": "vhs",
        "file_url": null,
        "content_type": null,
        "attribute": 19,
        "rich_text": null,
        "boolean": null
    }
},
{
    "model": "attribute.attributevalue",
    "pk": 66,
    "fields": {
        "sort_order": 3,
        "name": "iTunes",
        "value": "",
        "slug": "itunes",
        "file_url": null,
        "content_type": null,
        "attribute": 19,
        "rich_text": null,
        "boolean": null
    }
},
{
    "model": "attribute.attributevalue",
    "pk": 67,
    "fields": {
        "sort_order": 0,
        "name": "700ml",
        "value": "",
        "slug": "700ml",
        "file_url": null,
        "content_type": null,
        "attribute": 20,
        "rich_text": null,
        "boolean": null
    }
},
{
    "model": "attribute.attributevalue",
    "pk": 68,
    "fields": {
        "sort_order": 0,
        "name": "5.1%",
        "value": "",
        "slug": "51",
        "file_url": null,
        "content_type": null,
        "attribute": 21,
        "rich_text": null,
        "boolean": null
    }
},
{
    "model": "attribute.attributevalue",
    "pk": 69,
    "fields": {
        "sort_order": 1,
        "name": "6.7%",
        "value": "",
        "slug": "67",
        "file_url": null,
        "content_type": null,
        "attribute": 21,
        "rich_text": null,
        "boolean": null
    }
},
{
    "model": "attribute.attributevalue",
    "pk": 70,
    "fields": {
        "sort_order": 0,
        "name": "45cm x 45cm",
        "value": "",
        "slug": "45cm-x-45cm",
        "file_url": null,
        "content_type": null,
        "attribute": 22,
        "rich_text": null,
        "boolean": null
    }
},
{
    "model": "attribute.attributevalue",
    "pk": 71,
    "fields": {
        "sort_order": 1,
        "name": "55cm x 55cm",
        "value": "",
        "slug": "55cm-x-55cm",
        "file_url": null,
        "content_type": null,
        "attribute": 22,
        "rich_text": null,
        "boolean": null
    }
},
{
    "model": "attribute.attributevalue",
    "pk": 72,
    "fields": {
        "sort_order": 0,
        "name": "Cotton",
        "value": "",
        "slug": "cotton",
        "file_url": null,
        "content_type": null,
        "attribute": 23,
        "rich_text": null,
        "boolean": null
    }
},
{
    "model": "attribute.attributevalue",
    "pk": 73,
    "fields": {
        "sort_order": 1,
        "name": "Elastane",
        "value": "",
        "slug": "elastane",
        "file_url": null,
        "content_type": null,
        "attribute": 23,
        "rich_text": null,
        "boolean": null
    }
},
{
    "model": "attribute.attributevalue",
    "pk": 74,
    "fields": {
        "sort_order": 2,
        "name": "Polyester",
        "value": "",
        "slug": "polyester",
        "file_url": null,
        "content_type": null,
        "attribute": 23,
        "rich_text": null,
        "boolean": null
    }
},
{
    "model": "attribute.attributevalue",
    "pk": 75,
    "fields": {
        "sort_order": 0,
        "name": "39",
        "value": "",
        "slug": "39",
        "file_url": null,
        "content_type": null,
        "attribute": 24,
        "rich_text": null,
        "boolean": null
    }
},
{
    "model": "attribute.attributevalue",
    "pk": 76,
    "fields": {
        "sort_order": 1,
        "name": "40",
        "value": "",
        "slug": "40",
        "file_url": null,
        "content_type": null,
        "attribute": 24,
        "rich_text": null,
        "boolean": null
    }
},
{
    "model": "attribute.attributevalue",
    "pk": 77,
    "fields": {
        "sort_order": 2,
        "name": "41",
        "value": "",
        "slug": "41",
        "file_url": null,
        "content_type": null,
        "attribute": 24,
        "rich_text": null,
        "boolean": null
    }
},
{
    "model": "attribute.attributevalue",
    "pk": 78,
    "fields": {
        "sort_order": 3,
        "name": "42",
        "value": "",
        "slug": "42",
        "file_url": null,
        "content_type": null,
        "attribute": 24,
        "rich_text": null,
        "boolean": null
    }
},
{
    "model": "attribute.attributevalue",
    "pk": 79,
    "fields": {
        "sort_order": 4,
        "name": "43",
        "value": "",
        "slug": "43",
        "file_url": null,
        "content_type": null,
        "attribute": 24,
        "rich_text": null,
        "boolean": null
    }
},
{
    "model": "attribute.attributevalue",
    "pk": 80,
    "fields": {
        "sort_order": 5,
        "name": "44",
        "value": "",
        "slug": "44",
        "file_url": null,
        "content_type": null,
        "attribute": 24,
        "rich_text": null,
        "boolean": null
    }
},
{
    "model": "attribute.attributevalue",
    "pk": 81,
    "fields": {
        "sort_order": 6,
        "name": "45",
        "value": "",
        "slug": "45",
        "file_url": null,
        "content_type": null,
        "attribute": 24,
        "rich_text": null,
        "boolean": null
    }
},
{
    "model": "attribute.attributevalue",
    "pk": 82,
    "fields": {
        "sort_order": 0,
        "name": "EPUB",
        "value": "",
        "slug": "epub",
        "file_url": null,
        "content_type": null,
        "attribute": 25,
        "rich_text": null,
        "boolean": null
    }
},
{
    "model": "attribute.attributevalue",
    "pk": 83,
    "fields": {
        "sort_order": 1,
        "name": "MOBI",
        "value": "",
        "slug": "mobi",
        "file_url": null,
        "content_type": null,
        "attribute": 25,
        "rich_text": null,
        "boolean": null
    }
},
{
    "model": "attribute.attributevalue",
    "pk": 84,
    "fields": {
        "sort_order": 4,
        "name": "CD",
        "value": "",
        "slug": "cd",
        "file_url": null,
        "content_type": null,
        "attribute": 19,
        "rich_text": null,
        "boolean": null
    }
},
{
    "model": "attribute.attributevalue",
    "pk": 85,
    "fields": {
        "sort_order": 5,
        "name": "MP3",
        "value": "",
        "slug": "mp3",
        "file_url": null,
        "content_type": null,
        "attribute": 19,
        "rich_text": null,
        "boolean": null
    }
},
{
    "model": "attribute.attributevalue",
    "pk": 86,
    "fields": {
        "sort_order": 0,
        "name": "Digital Audio",
        "value": "",
        "slug": "digital-audio",
        "file_url": null,
        "content_type": null,
        "attribute": 26,
        "rich_text": null,
        "boolean": null
    }
},
{
    "model": "attribute.attributevalue",
    "pk": 87,
    "fields": {
        "sort_order": 0,
        "name": "Suzanne Ellison",
        "value": "",
        "slug": "suzanne-ellison",
        "file_url": null,
        "content_type": null,
        "attribute": 27,
        "rich_text": null,
        "boolean": null
    }
},
{
    "model": "attribute.attributevalue",
    "pk": 88,
    "fields": {
        "sort_order": 1,
        "name": "Dennis Perkins",
        "value": "",
        "slug": "dennis-perkins",
        "file_url": null,
        "content_type": null,
        "attribute": 27,
        "rich_text": null,
        "boolean": null
    }
},
{
    "model": "attribute.attributevalue",
    "pk": 89,
    "fields": {
        "sort_order": 2,
        "name": "Dylan Lamb",
        "value": "",
        "slug": "dylan-lamb",
        "file_url": null,
        "content_type": null,
        "attribute": 27,
        "rich_text": null,
        "boolean": null
    }
},
{
    "model": "attribute.attributevalue",
    "pk": 90,
    "fields": {
        "sort_order": 0,
        "name": "Security",
        "value": "",
        "slug": "security",
        "file_url": null,
        "content_type": null,
        "attribute": 29,
        "rich_text": null,
        "boolean": null
    }
},
{
    "model": "attribute.attributevalue",
    "pk": 91,
    "fields": {
        "sort_order": 1,
        "name": "Support",
        "value": "",
        "slug": "support",
        "file_url": null,
        "content_type": null,
        "attribute": 29,
        "rich_text": null,
        "boolean": null
    }
},
{
    "model": "attribute.attributevalue",
    "pk": 92,
    "fields": {
        "sort_order": 2,
        "name": "Medical",
        "value": "",
        "slug": "medical",
        "file_url": null,
        "content_type": null,
        "attribute": 29,
        "rich_text": null,
        "boolean": null
    }
},
{
    "model": "attribute.attributevalue",
    "pk": 93,
    "fields": {
        "sort_order": 3,
        "name": "General",
        "value": "",
        "slug": "general",
        "file_url": null,
        "content_type": null,
        "attribute": 29,
        "rich_text": null,
        "boolean": null
    }
},
{
    "model": "attribute.attributevalue",
    "pk": 94,
    "fields": {
        "sort_order": 0,
        "name": "Apple juice details",
        "value": "",
        "slug": "72_2",
        "file_url": null,
        "content_type": null,
        "attribute": 30,
        "rich_text": null,
        "boolean": null
    }
},
{
    "model": "attribute.attributevalue",
    "pk": 95,
    "fields": {
        "sort_order": 0,
        "name": "Bean Juice",
        "value": "",
        "slug": "74_79",
        "file_url": null,
        "content_type": null,
        "attribute": 31,
        "rich_text": null,
        "boolean": null
    }
},
{
    "model": "attribute.attributevalue",
    "pk": 96,
    "fields": {
        "sort_order": 1,
        "name": "Carrot Juice",
        "value": "",
        "slug": "74_73",
        "file_url": null,
        "content_type": null,
        "attribute": 31,
        "rich_text": null,
        "boolean": null
    }
},
{
    "model": "attribute.attributevalue",
    "pk": 97,
    "fields": {
        "sort_order": 0,
        "name": "55",
        "value": "",
        "slug": "55",
        "file_url": null,
        "content_type": null,
        "attribute": 32,
        "rich_text": null,
        "boolean": null
    }
},
{
    "model": "attribute.attributevalue",
    "pk": 98,
    "fields": {
        "sort_order": 0,
        "name": "55",
        "value": "",
        "slug": "55",
        "file_url": null,
        "content_type": null,
        "attribute": 33,
        "rich_text": null,
        "boolean": null
    }
},
{
    "model": "attribute.attributevalue",
    "pk": 99,
    "fields": {
        "sort_order": 1,
        "name": "45",
        "value": "",
        "slug": "45",
        "file_url": null,
        "content_type": null,
        "attribute": 33,
        "rich_text": null,
        "boolean": null
    }
},
{
    "model": "attribute.attributevalue",
    "pk": 100,
    "fields": {
        "sort_order": 1,
        "name": "45",
        "value": "",
        "slug": "45",
        "file_url": null,
        "content_type": null,
        "attribute": 32,
        "rich_text": null,
        "boolean": null
    }
},
{
    "model": "attribute.attributevalue",
    "pk": 101,
    "fields": {
        "sort_order": 0,
        "name": "Signed: Yes",
        "value": "",
        "slug": "320_34",
        "file_url": null,
        "content_type": null,
        "attribute": 34,
        "rich_text": null,
        "boolean": true
    }
},
{
    "model": "attribute.attributevalue",
    "pk": 102,
    "fields": {
        "sort_order": 1,
        "name": "Signed: Yes",
        "value": "",
        "slug": "317_34",
        "file_url": null,
        "content_type": null,
        "attribute": 34,
        "rich_text": null,
        "boolean": true
    }
},
{
    "model": "attribute.attributepage",
    "pk": 2,
    "fields": {
        "sort_order": null,
        "attribute": 29,
        "page_type": 1
    }
},
{
    "model": "attribute.attributepage",
    "pk": 3,
    "fields": {
        "sort_order": null,
        "attribute": 27,
        "page_type": 1
    }
},
{
    "model": "attribute.attributepage",
    "pk": 4,
    "fields": {
        "sort_order": null,
        "attribute": 29,
        "page_type": 2
    }
},
{
    "model": "attribute.attributeproduct",
    "pk": 1,
    "fields": {
        "sort_order": null,
        "attribute": 16,
        "product_type": 9
    }
},
{
    "model": "attribute.attributeproduct",
    "pk": 2,
    "fields": {
        "sort_order": null,
        "attribute": 20,
        "product_type": 10
    }
},
{
    "model": "attribute.attributeproduct",
    "pk": 3,
    "fields": {
        "sort_order": null,
        "attribute": 21,
        "product_type": 11
    }
},
{
    "model": "attribute.attributeproduct",
    "pk": 4,
    "fields": {
        "sort_order": null,
        "attribute": 23,
        "product_type": 12
    }
},
{
    "model": "attribute.attributeproduct",
    "pk": 5,
    "fields": {
        "sort_order": null,
        "attribute": 23,
        "product_type": 14
    }
},
{
    "model": "attribute.attributeproduct",
    "pk": 7,
    "fields": {
        "sort_order": 1,
        "attribute": 26,
        "product_type": 15
    }
},
{
    "model": "attribute.attributeproduct",
    "pk": 8,
    "fields": {
        "sort_order": null,
        "attribute": 30,
        "product_type": 9
    }
},
{
    "model": "attribute.attributeproduct",
    "pk": 9,
    "fields": {
        "sort_order": null,
        "attribute": 31,
        "product_type": 9
    }
},
{
    "model": "attribute.attributevariant",
    "pk": 1,
    "fields": {
        "sort_order": null,
        "attribute": 13,
        "product_type": 14
    }
},
{
    "model": "attribute.attributevariant",
    "pk": 2,
    "fields": {
        "sort_order": null,
        "attribute": 15,
        "product_type": 9
    }
},
{
    "model": "attribute.attributevariant",
    "pk": 3,
    "fields": {
        "sort_order": null,
        "attribute": 18,
        "product_type": 7
    }
},
{
    "model": "attribute.attributevariant",
    "pk": 4,
    "fields": {
        "sort_order": null,
        "attribute": 19,
        "product_type": 8
    }
},
{
    "model": "attribute.attributevariant",
    "pk": 5,
    "fields": {
        "sort_order": null,
        "attribute": 22,
        "product_type": 12
    }
},
{
    "model": "attribute.attributevariant",
    "pk": 6,
    "fields": {
        "sort_order": null,
        "attribute": 24,
        "product_type": 13
    }
},
{
    "model": "attribute.attributevariant",
    "pk": 8,
    "fields": {
        "sort_order": 0,
        "attribute": 19,
        "product_type": 15
    }
},
{
    "model": "attribute.attributevariant",
    "pk": 9,
    "fields": {
        "sort_order": null,
        "attribute": 32,
        "product_type": 12
    }
},
{
    "model": "attribute.attributevariant",
    "pk": 10,
    "fields": {
        "sort_order": null,
        "attribute": 33,
        "product_type": 12
    }
}
]
